Scientific Name,Family,English Common Name,Name (FI),Section,ID,Check,Count,Mazemap route,Cordinates,Aromatic,Crop,Edible,Endangered,Exotic,Flowering,Fragrant,Fruit-bearing,Historical,House plant,Medicinal,Native,Pollinator,Resilient,Dangerous,Seasonal,Striking,Unique,Keep it y/n,Aromaattinen,Viljelykasvi,Syötävä,Uhanalainen,Eksoottinen,Kuukiva,Tuoksuva,Hedelmöivä,Historiallinen,Huonekasvi,Lääkekasvi,Alkuperäinen,Pölyttäjä,Ääriolosuhteet,Vaarallinen,Kausikasvi,Näyttävä,Uniikki,
Abrus precatorius,,Rosary pea,Rukoushelmi,#N/A,,,1,See under tags,,,,,,,,,,,,,,,,Bright red seeds resemble decorative beads but contain extremely potent toxin (deadly to humans).,,,,,,,,,,,,,,,,,,,"Värikkäät punaiset siemenet muistuttavat koristeisia palleja, mutta sisältävät äärimmäisen myrkyllistä ainesosaa (kuoleltaan ihmisille).",,,,
Acalypha hispida,,Chenille plant,punahäntä,G-HA 	TROOPPINEN HUONE,5215,G-HA 	TROOPPINEN HUONE,2,,,,,,,,"Long, pendulous red inflorescences create a continuous flowering display.",,,,Thrives in bright indoor conditions where its soft texture invites closer inspection.,,,,,,,"The unusually long, fuzzy “tails” form a dramatic cascading shape rarely seen in houseplants.",,,,,,,,"Pitkät, vaakasuorat punaiset kukinnot luovat jatkuvan kukkivan näytön.",,,,"Kasvaa hyvin kirkkaissa sisäolosuhteissa, missä pehmeä teksturi kutsumassa lähemmäksi tarkastelua.",,,,,,,"Erityisen pitkät, karvaiset ""pyrstöt"" muodostavat harvinaisen laskeutuvan muodon, jota ei usein nähdä huonekasveissa.",,
Acalypha reptans,,Dwarf chenille,pikkupunahäntä,G-HA 	TROOPPINEN HUONE,17750,G-HA 	TROOPPINEN HUONE,1,,,,,,,,Small red tassel-like flowers appear along stems.,,,,Compact and suitable for small indoor displays.,,,,,,,Fine-scale texture creates a miniature version of larger chenille plants.,,,,,,,,Pienet punaiset tasseliukkaiset kukat ilmenevät oksilla.,,,,Pieni ja sopii pienille sisäesityksille.,,,,,,,Pienoiskuvioinen tekstiuring kutsuttaa pienempää chenille-lajia.,,
Acalypha wilkesiana,,Copperleaf,kuparilehti,#N/A,,,1,,,,,,,,,,,,"Grows well indoors with stable warmth and light, rewarding consistent care with dense foliage.",,,,,,,"Leaves display intense red, bronze, and green colour combinations.",,,,,,,,,,,,"Kasvaa hyvin sisällä vakaudella lämmintä ja valoa, palkitsee säännöllistä hoitoa tiiviillä kasvillisuudella.",,,,,,,"Lehdet näyttävät intensiivisiä punaisia, pronssisia ja vihreitä värisävyjä.",,
Acanthostachys strobilacea,x,x,käpybromelia,G-HA 	TROOPPINEN HUONE,16785,G-HA 	TROOPPINEN HUONE,1,,,,,,,,Produces a pineapple-like fruiting structure.,,,,Well suited to warm indoor conditions as a niche collector plant.,,,,,,,Spiny rosette form combined with unusual reproductive structure.,,,,,,,,Tuottaa ananas-muotoisen hedelmänrakenteen.,,,,Sopii hyvin lämpimissä sisätiloissa yksilöllisen keräilijälajiksi.,,,,,,,Piikkinen rosetti-muoto yhdistettynä epätavallisen lisääntymismuodon kanssa.,,
Achimenes ‘Tarantella’,,Achimenes hybrid,akimenes,#N/A,,,1,,,,,,,,"Large, vivid flowers create a colourful display.",,,,Performs well in indoor containers during growth season.,,,,,,,"Abundant flowering gives a dense, carpet-like bloom effect.",,,,,,,,"Suuret, värikästet kukat luovat värikästä näyttävyyttä.",,,,Toimii hyvin sisätiloissa kasvattimissa kasvukaudella.,,,,,,,"Runsas kukinta antaa tiiviin, matonmuotoisen kukkien vaikutelman.",,
Achimenes longiflora,,Hot water plant,akimenes,G-HA 	TROOPPINEN HUONE,16402,G-HA 	TROOPPINEN HUONE,1,,,,,,,,Produces continuous trumpet-shaped blooms.,,,,Easy tuber plant for indoor seasonal growing.,,,,,,,Soft foliage contrasts with vivid flower colours.,,,,,,,,Tuottaa jatkuvia trumpetinmuotoisia kukkia.,,,,Helppo tuberkulaattilaji sisätiloissa kausikasvatuksessa.,,,,,,,Pehmeä kasvillisuus kontrastoi värikästien kukkien kanssa.,,
Aconitum ferox,,Indian aconite,Intianukonhattu,T-5.3 	PURONRANNAT,46184,T-5.3 	PURONRANNAT,1,See under tags,,,,,,,,,,,,,,,,Extremely potent toxin; particularly dangerous to humans on contact or ingestion.,,,,,,,,,,,,,,,,,,,Erityisen voimakas myrkky; erityisen vaarallinen ihmisille kosketuksella tai nauttimisella.,,,,
Aconitum lycoctonum,,Wolfsbane,Keltaukonhattu,?,,,1,See under tags,,,,,,,,,,,,,,,,Contains strong toxins; dangerous to humans and animals if ingested.,,,,,,,,,,,,,,,,,,,"Sisältää voimakkaan myrkyllisiä aineita; vaarallinen ihmisille ja eläimille, jos nautitaan.",,,,
Aconitum napellus subsp. Lusitanicum,,Monkshood,Ukonhattu,L-O 	LÃ„Ã„KEKASVI OSASTO,32399,L-O 	LÃ„Ã„KEKASVI OSASTO,1,See under tags,,,,,,,,,,,,,,,,Extremely toxic plant – dangerous to humans even through skin contact due to potent alkaloids.,,,,,,,,,,,,,,,,,,,Erityisen myrkyllinen kasvi – vaarallinen ihmisille myös iholle kosketuksella potentteja alkaaloja takia.,,,,
Acorus calamus,,Sweet flag,Kalmus,H-4 	MAUSTEKASVIT,129,H-4 	MAUSTEKASVIT,1,See under tags,,,,,,,,,,,,,,,,Traditionally used plant requiring knowledge – toxic compounds can affect humans if misused.,,,,,,,,,,,,,,,,,,,"Perinteisesti käytetty kasvi, joka vaatii tietämyksellisyyttä – myrkkyaineet voivat vaikuttaa ihmisiin, jos käytetään väärin.",,,,
Acrostichum aureum,,Mangrove fern,mangrovesaniainen,G-HA 	TROOPPINEN HUONE,8807,G-HA 	TROOPPINEN HUONE,1,,,,,,,,,,,,Can be grown indoors as a large architectural fern.,,,,,,,"Broad fronds create a bold, almost leathery leaf surface.",,,,,,,,,,,,Voi kasvaa sisällä suurena arkkitehtuurikasvina.,,,,,,,"Laajat lehdet luovat voimakasta, lähes nahkaista lehtipinnan.",,
Actaea rubra,,Red baneberry,Punakonnanmarja,T-6.13 	MONTAANISTA LAJISTOA,25465,T-6.13 	MONTAANISTA LAJISTOA,1,See under tags,,,,,,,,,,,,,,,,"Bright red berries appear attractive and edible but are poisonous, especially risky for children.",,,,,,,,,,,,,,,,,,,"Värikkäät punertavat marjat näyttävät houkuttelevilta ja syötäviltä, mutta ovat myrkyllisiä, erityisesti lapsille.",,,,
Actaea spicata,,Baneberry,Mustakonnanmarja,K-6-1 	KUIVA LEHTO,19229,K-6-1 	KUIVA LEHTO,1,See under tags,,,,,,,,,,,,,,,,"Glossy black berries resemble edible forest fruits, yet are toxic to humans.",,,,,,,,,,,,,,,,,,,"Kiiltävät mustat marjat muistuttavat syötäviä metsämarjoja, mutta ovat myrkyllisiä ihmisille.",,,,
Actaea spp.,,Baneberry,Konnanmarjat,#N/A,,,1,See under tags,,,,,,,,,,,,,,,,"Berries are poisonous; visually attractive, risk for humans.",,,,,,,,,,,,,,,,,,,Marjat ovat myrkyllisiä; näyttävät vaarallisilta ihmisille.,,,,
Adansonia digitata,,Baobab,baobab,G-HA 	TROOPPINEN HUONE,3596,G-HA 	TROOPPINEN HUONE,1,,,,,,,,,,,,Grown indoors as a curiosity and slow-growing specimen.,,,,,,,Massive trunk relative to size creates a striking silhouette.,,,,,,,,,,,,Kasvaa sisällä kummastavaksi ja hitaasti kasvavaksi esineeksi.,,,,,,,Suuri runko suhteessa koon luoo vaikuttelevan silhuetin.,,
Adenium obesum,,Desert rose,Aavikkoruusu,G-HF 	SUKKULENTIT,51835,G-HF 	SUKKULENTIT,1,See under tags,,,,,,,Bright flowers emerge above thick base.,,,,Compact and well suited for sunny indoor spots.,,,,,Beautiful flowering succulent; sap highly toxic to humans and pets.,,Swollen trunk gives a sculptural bonsai-like form.,,,,,,,,Värikkäät kukat ilmestyvät paksun perustuksen yläpuolelle.,,,,Kompakti ja aurinkoisille sisätiloille sopiva.,,,,,Kaunis kukkiva kasvi; sappia erittää myrkyllistä ainetta ihmisiä ja eläimiä kohtaan.,,Paksu runko antaa veistoksellisen bonsai-muodon.,,
Adiantum capillus-veneris,,Maidenhair fern,neidonhiussaniainen,#N/A,,,1,,,,,,,,,,,,"Fine black stems hold delicate fan-shaped leaflets, and the airy texture creates a soft, almost lace-like effect that rewards careful placement and attentive watering.",,,,,,,,,,,,,,,,,,,"Finne, mustat varret pidettävät hienoja, kantavia lehtilapioita, ja ilmava tekstiuri luodaan pehmeän, lähes kudottavan vaikutelman, joka palkitsee huolellista sijoitusta ja huolellista vesittämistä.",,,,,,,,,
Adromischus cooperi,,Plover eggs plant,kirjolehtimehikas,G-HF 	SUKKULENTIT,3123,G-HF 	SUKKULENTIT,1,,,,,,,,Flowers are small and secondary.,,,,Compact and manageable for indoor cultivation.,,,,,,,Speckled leaves resemble patterned stones.,,,,,,,,Kukat ovat pieniä ja toissijaisia.,,,,Kompakti ja hallittava sisäkasvatussa.,,,,,,,Keltais- tai mustapilkulliset lehdet muistuttavat muotoiltuja kivikasa.,,
Aechmea fasciata,,Silver vase plant,kirjopikarikukka,G-HA 	TROOPPINEN HUONE,8150,G-HA 	TROOPPINEN HUONE,1,,,,,,,,A central pink flower spike persists for months.,,,,Grows as a compact rosette suited to tabletops and shelves.,,,,,,,Silver banded leaves form a geometric rosette structure.,,,,,,,,Keskellä oleva punainen kukkakasvu kestää kuukausia.,,,,Kasvaa kompaktina rosetiksi sopivaksi pöytien ja koriin.,,,,,,,Hopeanväriset laikkuet levät muodostavat geometrisen rosetin rakenteen.,,
Aechmea fulgens,,Bromeliad,bromelia,G-HA 	TROOPPINEN HUONE,16789,G-HA 	TROOPPINEN HUONE,1,,,,,,,,Bright reddish flower bracts appear centrally.,,,,Adapts well to indoor light conditions.,,,,,,,Thick leaves form a strong symmetrical rosette.,,,,,,,,Vahva punainen kukkakasvu ilmenee keskellä.,,,,Soveltuu hyvin sisävalolle.,,,,,,,"Vahvat, tasapainoiset lehtiruusukkeet muodostuvat voimakkaaksi symmetriseksi ryhmäksi.",,
Aechmea miniata,,Bromeliad,bromelia,G-HA 	TROOPPINEN HUONE,21758,G-HA 	TROOPPINEN HUONE,1,,,,,,,,Produces colourful central inflorescences.,,,,Suitable for indoor display collections.,,,,,,,Compact rosette highlights structural symmetry.,,,,,,,,Väriset keskimmäiset kukinnot tuottavat.,,,,Sopii sisätilojen näyttelykokoelmien käyttöön.,,,,,,,Kompakti rosetti korostaa rakenteellista symmetriaa.,,
Aeonium arboreum,,Tree aeonium,aeonium,G-HF 	SUKKULENTIT,15645,G-HF 	SUKKULENTIT,1,,,,,,,,,,,,Easy to maintain indoors in bright conditions.,,,,,,,"Rosettes on stems form layered, tree-like structures.",,,,,,,,,,,,Helppo ylläpitää sisällä valoisissa olosuhteissa.,,,,,,,"Varret kasvavat kerroksittain, puumaisia rakenteita muodostavat lehtiruusukkeet.",,
Aeonium hierrense,,Tree aeonium,aeonium,G-HF 	SUKKULENTIT,17159,G-HF 	SUKKULENTIT,1,,,,,,,,,,,,Grows upright indoors with minimal care.,,,,,,,Large layered rosettes create strong vertical stacking.,,,,,,,,,,,,Kasvaa pystyssä sisällä vähäpätöisellä huoltovaatimuksella.,,,,,,,Suuret kerrokselliset rosetit luovat voimakasta pystyä kasaamista.,,
Aeschynanthus marmoratus,,Black pagoda plant,marmoroitu huulikukka,G-HA 	TROOPPINEN HUONE,4968,G-HA 	TROOPPINEN HUONE,1,,,,,,,,Small flowers appear beneath foliage.,,,,Ideal for hanging baskets in indoor spaces.,,,,,,,Leaves are patterned with marbled veining underneath.,,,,,,,,Pienet kukat ilmestyvät lehtien alla.,,,,Suositeltu käytettäväksi riippuvissa koristeputkissa sisätiloissa.,,,,,,,Lehdet ovat kuvioituneita marbleoituilla sivuverhoiluilla alhaalla.,,
Aeschynanthus radicans,,Lipstick plant,huulikukkainen,G-HA 	TROOPPINEN HUONE,4966,G-HA 	TROOPPINEN HUONE,1,,,,,,,,Tubes open from dark buds in a striking color contrast.,,,,"Ideal for hanging pots, allowing stems to trail naturally in indoor spaces.",,,,,,,"The flower buds resemble lipstick tubes, creating a playful visual effect.",,,,,,,,Pienet putket aukeavat tummista kukkien pölyävistä kukinnoista erottuvalla värisuhteella.,,,,"Parvekkeen pöydille sopiva, jossa oksat voivat juurtua luonnostaan sisätiloihin.",,,,,,,"Kukkien pölytysmuodostumat muistuttavat huulipunamalleja, luodakseen leikkisän visuaalisen vaikutelman.",,
Aeschynanthus speciosus,,Basket vine,korallikukka,G-HA 	TROOPPINEN HUONE,4963,G-HA 	TROOPPINEN HUONE,1,,,,,,,,Bright orange flowers hang in clusters along stems.,,,,Adapts well to indoor humidity and benefits from elevated placement.,,,,,,,The trailing habit combined with vivid flower color creates layered depth.,,,,,,,,Keltaoranssit kukat kasvavat oksilla ryhminä.,,,,Sopii hyvin sisätilojen kosteudelle ja hyötyy korkeammasta sijainnista.,,,,,,,Juurtuvan kasvutapauksen yhdistettynä voimakkaan kukkivärisellä luodaan monikerroksinen syvyys.,,
Agave americana,,Agave,Agaave,G-HF 	SUKKULENTIT,205,G-HF 	SUKKULENTIT,1,See under tags,,,,,,,,,,,Suited to bright indoor environments with space.,,,,,Sharp leaves and irritating sap – contact risk mainly for humans.,,Strong radial symmetry and rigid leaf structure.,,,,,,,,,,,,"Sopii kirkkaisiin sisätiloihin, joissa on tilaa.",,,,,Paksut lehdet ja ärsyttävä siitepöly – kontaktiriski on pääasiassa ihmisille.,,Vahva radiaalisydän ja kova lehtirakenne.,,
Agave attenuata,,Foxtail agave,häntäagaave,G-HF 	SUKKULENTIT,2760,G-HF 	SUKKULENTIT,1,,,,,,,,,,,,More adaptable indoors due to softer leaves.,,,,,,,"Smooth, arching leaves create a softer sculptural effect.",,,,,,,,,,,,Sopii paremmin sisätiloihin pehmeiden lehtien vuoksi.,,,,,,,"Sileät, kaarevat lehdet luovat pehmeän muodon.",,
Aglaonema ‘Golden Bay’,,Golden Bay Chinese evergreen,kirjomaija ‘Golden Bay’,#N/A,,,1,,,,,,,,,,,,"Creamy yellow-green centers lighten the large leaves, and the broad patterned surfaces make the plant especially effective in darker corners that need visual lift.",,,,,,,,,,,,,,,,,,,"Kermanvalkoiset keskusrungot valaisevat suuria lehtiä, ja laajat, kuvioituneet pinnat tekevät kasvista erityisen tehokasta pimeissä kulmikkeissa, jotka tarvitsevat visuaalista nostetta.",,,,,,,,,
Aglaonema ‘Maria Emerald Beauty’,,Maria Emerald Beauty Chinese evergreen,kirjomaija ‘Maria Emerald Beauty’,#N/A,,,1,,,,,,,,,,,,"Dense dark leaves are softly marbled, and the compact, rounded habit gives the plant a calm, shaded-forest character.",,,,,,,,,,,,,,,,,,,"Tiheät tummat lehdet ovat pehmeästi marbleoituja, ja kompakti, pyöreä kasvutapa antaa kasville rauhallisen, varjostetun metsän luonteen.",,,,,,,,,
Aglaonema ‘Siam’,,Siam Chinese evergreen,kirjomaija ‘Siam’,#N/A,,,1,,,,,,,,,,,,"Bright red or pink edging outlines the leaves, and the colored margins make the structure of each blade stand out with unusual clarity.",,,,,,,,,,,,,,,,,,,"Punainen tai pinkki reunus korostaa lehtiä, ja väriset reunukset tekevät jokaisen lehtien rakenteen erottuvaksi tavallista selvemmin.",,,,,,,,,
Aglaonema ‘Silver Bay’,,Silver Bay Chinese evergreen,kirjomaija ‘Silver Bay’,#N/A,,,1,,,,,,,,,,,,"Broad leaves carry a pale silver center framed by deep green margins, and the contrast helps illustrate how variegation can brighten shaded interior spaces.",,,,,,,,,,,,,,,,,,,"Laajat lehdet kantavat vaalean hopean keskustan, joka on kaartunut syvän vihreän reunus, ja kontrasti auttaa kuvaillessa, miten variaatio voi kirkastaa varjoisissa sisätiloissa.",,,,,,,,,
Aglaonema ‘Stripes’,,Stripes Chinese evergreen,kirjomaija ‘Stripes’,#N/A,,,1,,,,,,,,,,,,"Linear patterning runs through the foliage in a controlled arrangement, and the striped surface gives the plant a tidy, decorative look well suited to modern interiors.",,,,,,,,,,,,,,,,,,,"Lineaarinen patteri kulkee lehtien läpi hallitun järjestyksessä, ja viistetty pinta antaa kasvulle tyydyttävän, koristeellisen ulkonäön, joka soveltuu nykyaikaisiin sisustukseen.",,,,,,,,,
Aglaonema ‘Very Red’,,Very Red Chinese evergreen,kirjomaija ‘Very Red’,#N/A,,,1,,,,,,,,,,,,"Red tones spread across the foliage in a bold wash of color, showing how tropical houseplants can provide strong leaf color even without showy flowers.",,,,,,,,,,,,,,,,,,,"Punaiset sävyt levittäytyvät lehtien pintaan voimakkaana värisävyinä, osoittamassa, miten trooppiset huonekasvit voivat tarjota voimakasta lehtiväriä ilman näyttäviä kukkia.",,,,,,,,,
Acalypha hispida,,Chenille plant,isokissanhäntä,G-HA 	TROOPPINEN HUONE,5215,G-HA 	TROOPPINEN HUONE,2,,x -135.49  y 15.00,,,,,,"Acalypha hispida, native to New Guinea and nearby Pacific islands, produces long, hanging crimson flower spikes that can reach up to 50 cm in length. It flowers repeatedly in warm conditions, making it an eye-catching ornamental plant.",,,,"Acalypha hispida is commonly grown as a houseplant or greenhouse specimen in temperate climates. It thrives in warm, humid conditions with bright, indirect light and is valued for its unusual flowers.",,,,,,,,"Acalypha hispida is instantly recognizable by its soft, pendulous flower spikes, which resemble long red catkins or chenille tassels. Few ornamental plants produce flowers with such a distinctive shape and texture.",y,,,,,,"Acalypha hispida, joka on kotoisin Uuden-Guinean ja lähialueiden saarilta, tuottaa pitkiä, vaaleanpunaisia kukkakukkia, jotka voivat kasvaa jopa 50 cm pitkiksi. Se kukkii usein lämpimissä olosuhteissa, tekemällä siitä silmiä kiinnostavan koristekasvin.",,,,"Acalypha hispida kasvatetaan yleisesti huonekasvina tai kasvihuonekasvina matalapaineisissa ilmastoissa. Se kukoistaa lämpimissä, kosteissa olosuhteissa ja valoisissa, epäsuorissa valoissa, ja se arvostetaan epätavallisista kukistaan.",,,,,,,,"Acalypha hispida tunnetaan heti silmiinpistävistä, pehmeistä, vaaleanpunaisista kukkakukistaan, jotka muistuttavat pitkiä punertavia kattilakukkia tai chenille-tassuja. Vain muutamia koristekasveja tuottaa kukkia, jotka ovat niin erikoisia muotoa ja tekstuuria.",
Aglaonema modestum,,Chinese evergreen,kirjomaija,G-HA 	TROOPPINEN HUONE,16679,G-HA 	TROOPPINEN HUONE,1,,,,,,,,,,,,Reliable indoor plant for offices and homes.,,,,,,,"Clean, uniform green leaves create calm visual balance.",,,,,,,,,,,,Luotettava sisäkasvi toimii myös toimistoihin ja kotiin.,,,,,,,"Puhtaat, yhtenäiset vihreät lehdet luovat rauhallisen visuaalisen tasapainon.",,
Albizia lebbeck,,Woman’s tongue tree,silkkiakaasia,G-HA 	TROOPPINEN HUONE,17764,G-HA 	TROOPPINEN HUONE,1,,,,,,,,"Produces fluffy, brush-like flowers.",,,,Unusual indoor tree for large spaces.,,,,,,,Fine compound leaves create airy canopy texture.,,,,,,,,"Tuottaa karkeita, karheita kukkia.",,,,Erittäin epätavallinen sisäpuutarha suurille tiloille.,,,,,,,"Finne, yhdistetyt lehdet luovat ilmavat kanoppi-tekstiä.",,
Aleurites moluccanus,,Candlenut,Kukui-puu,#N/A,,,1,See under tags,,,,,,,,,,,,,,,,Seeds resemble edible nuts; raw seeds are toxic to humans.,,,,,,,,,,,,,,,,,,,Siemenet muistuttavat syötäviä pähkinöitä; raakasiemenet ovat myrkyllisiä ihmisille.,,,,
Allamanda cathartica,,Golden trumpet,allamandaköynnös,G-HA 	TROOPPINEN HUONE,5035,G-HA 	TROOPPINEN HUONE,1,,,,,,,,Large yellow trumpet flowers dominate the plant.,,,,Thrives indoors with strong light.,,,,,,,Strong color contrast with shiny foliage.,,,,,,,,Suuret keltakuvioiset trumpetit kasvavat kasvin yllä.,,,,Kasvaa hyvin sisällä voimakkaan valon alla.,,,,,,,Vahva värisävy kontrastoi kiiltävällä kasvustolla.,,
Actinidia kolomikta,,super-hardy kiwi,Kiinanlaikkuköynnös / minikiivi,R-O 	ARBORETUM,22572,R-O 	ARBORETUM,1,,,,,,,,,,"Actinidia kolomikta produces small, kiwi-like fruits that ripen in late summer. The berries are edible when fully ripe and have a sweet flavour, though yields are usually modest compared to commercial kiwifruit species.",,,,,0,,,,"Actinidia kolomikta is an ornamental climbing plant known for its unusual leaf colouring, often showing green, white, and pink tones on the same plant. The variegation becomes especially vivid in sunny locations and makes it popular as a decorative vine.","Actinidia kolomikta is especially notable among hardy kiwi species for its highly variable and ornamental leaf coloration, which can shift significantly depending on light conditions. This combination of decorative foliage and edible fruit makes it stand out from most temperate climbing plants.",y,,,,,,,,"Actinidia kolomikta tuottaa pieniä, kiinuisia hedelmää, jotka kypsyvät myöhäisessä kesässä. Hedelmät ovat syötäviä täysikypsänä ja niillä on makea maku, vaikka tuotto on yleensä kohtalainen verrattuna kaupallisiin kiinuisiin lajiin.",,,,,Ei ole tietoa.,,,,"Actinidia kolomikta on koristekasvi, joka tunnetaan epätavallisesta lehtivärisyydestään, jossa voi esiintyä vihreää, valkoista ja pinkkiä sävyjä samalla kasvulla. Värisävyt muuttuvat erityisesti aurinkoisissa paikoissa, mikä tekee kasvin suosittuksi koristekasviksi.","Actinidia kolomikta on erityisen tunnettu kestävistä kiinuisista lajeista koristekasvina, joka tunnetaan monipuolisesta ja koristellisesta lehtivärisyydestään, joka voi vaihdella merkittävästi valon mukaan. Tämän yhdistelmän koristellinen kasvusto ja syötävät hedelmät tekevät siitä poikkeuksellisen monipuolisen lämpimän ilmaston kasvinsuojelulajeista.",
Aglaonema commutatum,,Chinese evergreen,Malakanlaikkuvehka,G-HA 	TROOPPINEN HUONE,16678,G-HA 	TROOPPINEN HUONE,1,,x -136.17  y 9.91,,,,,,,,,,"Aglaonema commutatum is a tropical foliage plant native to the Philippines. It is prized for its elegant silver-green patterned leaves, shade tolerance, and easy care, making it a favorite among indoor plant enthusiasts and beginners alike.",,,,,Decorative foliage; ingestion harmful mainly for pets.,,,,y,,,,,,,,,,"Aglaonema commutatum on trooppinen kasvi, joka on kotoisin Filippiineistä. Se on arvostettu koristekasvinaan eleganttien hopeanvihreiden kuvioitujen lehtiensä, varjoa kestävyytensä ja helpon hoitokykynsä ansiosta, mikä tekee siitä suosittua sisäkasveja harrastavien ja aloittelijoiden keskuudessa.",,,,,"Koristellinen kasvusto; syönti haitallista, pääasiassa eläimille.",,,,
Alocasia baginda ‘Dragon Scale’,,Dragon Scale alocasia,alokasia ‘Dragon Scale’,#N/A,,,1,,,,,,,,,,,,"Thick leaves are quilted with dark veins over a pale surface, creating a scaled texture that gives the plant an almost sculpted, reptilian appearance.",,,,,,,,,,,,,,,,,,,"Paksut lehdet ovat kuvioituneita tummien juovien yli vaalealla pinnalla, mikä luodaan kankaan tekstuuria, joka antaa kasville lähes veistetty, reptililäiskäinen ulkonäkö.",,,,,,,,,
Alocasia cuprea,,Mirror plant alocasia,alokasia ‘Cuprea’,#N/A,,,1,,,,,,,,,,,,"Metallic leaves gleam like hammered copper, and the reflective surface turns light into an active part of the display, making the plant especially interesting for close viewing.",,,,,,,,,,,,,,,,,,,"Metalliset lehdet loistavat kuten lyötyä kuparia, ja heijastava pinta muuttaa valon aktiiviseksi osaksi näyttelyä, mikä tekee kasvista erityisen kiinnostavaa lähikatselmukselle.",,,,,,,,,
Alocasia macrorrhizos ‘Camouflage Variegata’,,Camouflage variegated giant alocasia,alokasia ‘Camouflage Variegata’,#N/A,,,1,,,,,,,,,,,,"Large leaves are splashed with irregular patches of contrasting color, and the variegation emphasizes the plant’s dramatic scale and broad tropical blades.",,,,,,,,,,,,,,,,,,,"Suuret lehdet ovat särkiviä epäsäännöllisillä kontrastikuvioilla, ja variaatio korostaa kasvin dramatiikkaa ja laajoja trooppisia lehtiä.",,,,,,,,,
Alocasia micholitziana ‘Frydek Variegated’,,Variegated Frydek alocasia,alokasia ‘Frydek Variegated’,#N/A,,,1,,,,,,,,,,,,"Velvety leaves are split by white venation and irregular cream variegation, and the combination of soft texture and high contrast makes the foliage especially collectible.",,,,,,,,,,,,,,,,,,,"Pehmeät lehdet ovat jaettuina valkoisella venatuksella ja epäsäännöllisellä kremallakin variaatiolla, ja pehmeän pinnan ja korkean kontrastin yhdistelmä tekee lehtien kerääminen erityisen kiinnostuksenarvoista.",,,,,,,,,
Alocasia odora,,Giant alocasia,alokasia,G-HA 	TROOPPINEN HUONE,16680,G-HA 	TROOPPINEN HUONE,1,,,,,,,,,,,,Provides a tropical feel indoors with enough space.,,,,,"Irritating sap; toxic if eaten, especially for pets.",,Large arrow-shaped leaves create bold silhouettes.,,,,,,,,,,,,Tarjoaa trooppista tunnelmaa sisällä tarpeeksi tilaa.,,,,,"Irtokasvien tahna aiheuttaa ärsytystä; myrkyllinen, jos syödään, erityisesti lemmikkeille.",,Suuret nuolimaiset lehdet luovat voimakasta silhuettia.,,
Alocasia odora variegata,,Variegated alocasia,kirjavalehtialokasia,#N/A,,,1,,,,,,,,,,,,High-value indoor collector plant.,,,,,,,Dramatic white and green leaf variegation.,,,,,,,,,,,,Korkea-arvoinen sisäkasvi keräilijöille.,,,,,,,Dramatiikkaa valkoista ja vihreää lehtivariaatiota.,,
Alocasia spp.,,Elephant ear,Alokasia,#N/A,,,1,See under tags,,,,,,,,,,,,,,,,Large striking leaves; sap causes irritation and toxicity if ingested.,,,,,,,,,,,,,,,,,,,"Suuria vaikuttavia lehtiä; tahna aiheuttaa ärsytystä ja myrkyllisyyttä, jos syödään.",,,,
Alocasia tandurusa ‘Jacklyn’,,Jacklyn alocasia,alokasia ‘Jacklyn’,#N/A,,,1,,,,,,,,,,,,"Deeply lobed leaves with bold venation create a wild, antler-like outline, and the unusual shape makes the plant memorable even at a distance.",,,,,,,,,,,,,,,,,,,"Syvään jakautuneet lehdet voimakkaalla venatuksella luovat villin, hirvenmuotoisen silhuettin, ja epätavallinen muoto tekee kasvin muistuttavaksi jo kaukaa.",,,,,,,,,
Alocasia veitchii,,King alocasia,kuningasalokasia,G-HA 	TROOPPINEN HUONE,40380,G-HA 	TROOPPINEN HUONE,1,,,,,,,,,,,,Grown indoors as a dramatic statement plant.,,,,,,,Strong veins and glossy leaves create bold contrast.,,,,,,,,,,,,Kasvatetaan sisällä dramatiikan ilmentämiseksi.,,,,,,,Voimakkaat siipiratas ja kiiltävät lehdet luovat voimakasta kontrastia.,,
Alocasia zebrina,,Zebra alocasia,seebra-alokasia,#N/A,,,1,,,,,,,,,,,,"The striped petioles look almost painted, and the marked stems are often as striking as the foliage itself, drawing attention to the plant’s upright support structure.",,,,,,,,,,,,,,,,,,,"Väriset varret näyttävät lähes maalatuilta, ja merkittyjä varret ovat usein niin vaikuttavia kuin lehdet itsekin, vetävät huomiota kasvin ylöspäin tukeutuvan rakennekuvaus.",,,,,,,,,
Aloe arborescens,,Tree aloe,puualoe,G-HF 	SUKKULENTIT,250,G-HF 	SUKKULENTIT,1,,,,,,,,Bright tubular flowers appear seasonally.,,,,Performs well in sunny indoor conditions.,,,,,,,Upright branching form creates structural interest.,,,,,,,,Kauniit toriumaisemat kukkia ilmestyvät kausittain.,,,,Säilyy hyvin aurinkoisissa sisätiloissa.,,,,,,,Pystyhaarainen kasvutapa luoo rakenteellista kiinnostusta.,,
Aloe aristata,,Lace aloe,pitsialoe,G-HF 	SUKKULENTIT,17695,G-HF 	SUKKULENTIT,1,,,,,,,,Occasionally produces small tubular flowers.,,,,Compact size fits well on windowsills.,,,,,,,Fine white markings form intricate patterns.,,,,,,,,Vaihtoehtoisesti tuottaa pieniä toriumaisia kukkia.,,,,Pieni koko sopii hyvin ikkunareunoihin.,,,,,,,Hienot valkoiset merkit muodostavat monimutkaisia kuvioita.,,
Aloe ferox,,Cape aloe,karhualoe,G-HF 	SUKKULENTIT,231,G-HF 	SUKKULENTIT,1,,,,,,,,Flowering indoors is rare.,,,,Suitable for indoor drought-tolerant collections.,,,,,,,Strong spines and large rosettes create rugged geometry.,,,,,,,,Kukkiva sisällä on harvinaista.,,,,Sopii kuivuudenkestäville sisätiloihin.,,,,,,,Voimakkaat piikit ja suuret rosetit luovat kovaista geometriasta.,,
Alternanthera ficoidea ‘Bettzickiana’,,Joseph’s coat,kirjolehtikasvi,#N/A,,,1,,,,,,,,,,,,Compact foliage plant ideal for indoor containers.,,,,,,,"Bright red, yellow, and green foliage creates intense colour blocks.",,,,,,,,,,,,"Pieni lehtikasvi, joka on sopiva sisätiloihin.",,,,,,,"Vahva punainen, keltainen ja vihreä lehtimaisuus luoo voimakasta värisävyä.",,
Anacampseros rufescens,,Sunrise succulent,auringonnousukasvi,G-HF 	SUKKULENTIT,18093,G-HF 	SUKKULENTIT,1,,,,,,,,Small flowers appear under optimal conditions.,,,,Easy to grow indoors with good light exposure.,,,,,,,Leaves shift from green to pink depending on light.,,,,,,,,Pienet kukat ilmestyvät optimoituissa olosuhteissa.,,,,Hyväkasvuisena se kasvaa sisällä hyvällä valolla.,,,,,,,Lehdet vaihtelevat vihreistä pinkkiin valon mukaan.,,
Allium porrum,,leek,purjo,Hyötypuutarha,,,1,,,,"Allium porrum, commonly known as leek, is a vegetable crop cultivated in temperate regions. It is grown for its thick, edible leaf bases and elongated stalks, and is commonly harvested in cooler seasons for culinary use.","Allium porrum produces edible thickened leaf bases and stalks. It is widely used in cooking, especially in soups, stews, and baked dishes, where its mild onion-like flavour adds depth to a wide variety of recipes.",,,,,,"Allium porrum has been cultivated since ancient times in Europe and the Mediterranean. It was valued by Egyptians, Greeks, and Romans as a staple vegetable and has remained an important part of traditional European cuisine for centuries.",,,,,Allium porrum is a hardy plant that tolerates cold weather well and can grow in a variety of soils. Its ability to withstand frost makes it especially valuable as a reliable winter vegetable crop.,,Allium porrum is a seasonal crop typically harvested in cooler months. Its ability to tolerate frost makes it especially valuable as a winter vegetable in temperate climates where fresh produce is limited.,,,y,,"Allium porrum on kasvikunta, joka tunnetaan leivänä, kasvaa lämpimissä alueilla.","Allium porrum tuottaa syötäviä paksuja lehtiruotoja ja pitkiä varret. Se on laajasti käytetty keittokäytössä, erityisesti keitossa, paistossa ja paistettavissa ruoka-annoksissa, joissa sen miedon sipulinmaun lisää syvyyttä monille resepteille.",,,,,,"Allium porrum on kasvatettu vanhastaan Euroopassa ja Välimeren alueella. Se arvostettiin Egyptissä, Kreikassa ja Roomassa perusviljana ja on ollut tärkeä osa perinteistä eurooppalaista ruokakulttuuria vuosisatojen ajan.",,,,,"Allium porrum on kestävä kasvi, joka kestää kylmää säätä hyvin ja kasvaa monenlaisilla maaperillä. Sen kyky kestää jäähtymistä tekee sitä erityisen arvokkaaksi luotettavaksi talvikasviksi.",,"Allium porrum on kausikasvi, joka on yleensä kerätyssä viileissä kuukausina. Sen kyky kestää jäähtymistä tekee sitä erityisen arvokkaaksi talvikasviksi lämpimissä ilmastoissa, joissa raaka-aineita on rajoitettu.",,,
Anthurium crystallinum,,Crystal anthurium,kristallianthurium,#N/A,,,1,,,,,,,,,,,,"Velvet leaves are crossed by luminous pale veins, and the contrast creates a refined, jewel-like surface that invites close inspection rather than distant display.",,,,,,,,,,,,,,,,,,,"Aluslehdet ovat pehmeitä ja niitä ristelevät kirkkaat vaaleat siipijänteet, ja kontrasti luonnostaa komean, jalokivimaisen pinnan, joka kutsumassa lähelle tarkastelua enemmän kuin kaukaista esillepanoa.",,,,,,,,,
Anthurium radicans,,Creeping anthurium,mattoanthurium,G-HA 	TROOPPINEN HUONE,14485,G-HA 	TROOPPINEN HUONE,1,,,,,,,,,,,,Low-growing indoor species.,,,,,,,Thick textured leaves create dense ground cover effect.,,,,,,,,,,,,Alaikäinen sisällä kasvava lajike.,,,,,,,Paksut lehtitekstiilit luovat tiiviin maanpinnan peittävän vaikutelman.,,
Anthurium scandens,,Pearl anthurium,köynnösanthurium,G-HA 	TROOPPINEN HUONE,14484,G-HA 	TROOPPINEN HUONE,1,,,,,,,,Small berry-like fruits follow flowers.,,,,Climbing habit suits vertical indoor displays.,,,,,,,Fine leaves and slender stems create delicate structure.,,,,,,,,"Vähäisiä marjoja, jotka muistuttavat marjoja, seuraavat kukkia.",,,,Nousuva kasvutapa sopii vertikaalisiin sisällä esitettäviin näyttelyihin.,,,,,,,Kauniit lehdet ja ohuet varret muodostavat hienon rakenteen.,,
Anthurium scherzerianum,,Flamingo lily,flamingonkukka,#N/A,,,1,,,,,,,,Curled spadix adds variation to typical flower structures.,,,,Compact growth fits smaller indoor spaces.,,,,,,,"The twisted flower form gives a sculptural, dynamic appearance.",,,,,,,,Kierteinen spadix lisää tyypillisiä kukkien rakenteita.,,,,Paksu kasvu sopii pienempiin sisätiloihin.,,,,,,,"Kääntyvä kukkamuoto antaa veistoksellisen, dynaamisen ilmeen.",,
Anthurium spp.,,Flamingo flower,Flamingonkukka,#N/A,,,1,See under tags,,,,,,,,,,,,,,,,Glossy red flowers invite touch; causes strong irritation if ingested.,,,,,,,,,,,,,,,,,,,"Läpinäkyvä punainen kukka kutsumassa koskettamiseen; aiheuttaa voimakasta ärsytystä, jos syödään.",,,,
Apocynum cannabinum,,Dogbane,Karvaskoiraheinä,L-O 	LÃ„Ã„KEKASVI OSASTO,30812,L-O 	LÃ„Ã„KEKASVI OSASTO,1,See under tags,,,,,,,,,,,,,,,,Toxic sap affecting the heart; dangerous to humans and animals.,,,,,,,,,,,,,,,,,,,Myrkyllinen siitepöly vaikuttaa sydämeen; vaarallista ihmisille ja eläimille.,,,,
Aporocactus flagelliformis,,Rat tail cactus,rottakaktus,G-HF 	SUKKULENTIT,2803,G-HF 	SUKKULENTIT,1,,,,,,,,Bright flowers contrast strongly with stems.,,,,Suited to hanging indoor displays.,,,,,,,Long trailing stems create dynamic cascading forms.,,,,,,,,Vahvat kukat kontrastoidaan voimakkaasti varreilla.,,,,Sopii oleskeluun lattialle sisätiloissa.,,,,,,,Pitkät juurettomat varret luovat dynaamisia laskeutuvia muotoja.,,
Aptenia cordifolia,,Baby sun rose,sydänmehikasvi,G-HF 	SUKKULENTIT,16597,G-HF 	SUKKULENTIT,1,,,,,,,,Small bright flowers bring seasonal color.,,,,Low-growing plant adapts to indoor pots easily.,,,,,,,Dense mat of glossy leaves creates a soft carpet effect.,,,,,,,,Pienet kirkkaat kukat tuo kausikuvaa sisään.,,,,Alkuperäinen kasvu soveltuu helposti sisäpatsaaseen.,,,,,,,Tiheä matto kirkkaista lehdistä luodaan pehmeä mattoilme.,,
Alnus incana (mukuravartinen),,No english name/grey alder,mukuraharmaaleppä,R-O 	ARBORETUM,48557,R-O 	ARBORETUM,1,Hilly route,,,,,,,,,,,,,"Alnus incana is native to Finland and widely distributed throughout the country. It naturally grows along rivers, lakeshores, forest edges, and other moist habitats, where it plays an important ecological role.",,,,,,"Grey alder forms a symbiotic partnership with Frankia bacteria in its roots, allowing it to fix atmospheric nitrogen. This naturally enriches poor soils and helps other plants establish and grow.",y,,,,,,,,,,,,"Alnus incana on kotoisin Suomesta ja se on laajasti levinnyt koko maassa. Se kasvaa luonnostaan joenrannoilla, järvenrannoilla, metsänreunoilla ja muilla kosteilla elinolosuhteissa, missä se pelaa tärkeää ekologista roolia.",,,,,,"Harmaakurjenpähkinä muodostaa symbioottisen yhteistyön Frankia-bakteereiden kanssa juurissaan, mikä mahdollistaa ilmakehän typpiä sitomaan. Tämä luonnollisesti parantaa heikkosaavia maaperiä ja auttaa muita kasveja kasvamaan ja kehittyvän.",
Ardisia crenata,,Coral berry,korallimarja,G-HA 	TROOPPINEN HUONE,17781,G-HA 	TROOPPINEN HUONE,1,,,,,,,,,,,,Compact shrub suited for indoor use.,,,,,"Bright berries resemble edible fruits; toxic, especially to pets.",,Bright red berries provide long-lasting colour contrast.,,,,,,,,,,,,"Pieni, tiivis pensas, joka on sopiva sisäkäyttöön.",,,,,"Värikkäät marjat muistuttavat syötäviä hedelmiä; myrkyllisiä, erityisesti eläimille.",,Värikkäitä punertavia marjoja tarjoaa pitkäaikaista värisävyä.,,
Aristolochia clematitis,,Birthwort,Synnytyskukka,S-O 	SYSTEMAATTINEN OSASTO,17024,S-O 	SYSTEMAATTINEN OSASTO,1,See under tags,,,,,,,,,,,,,,,,Historically medicinal but now known to be toxic to humans.,,,,,,,,,,,,,,,,,,,"Historiallisesti lääkekasvi, mutta nykyisin tunnetaan olevan myrkyllinen ihmisille.",,,,
Aristolochia elegans,,Birthwort,Piippuköynnös,G-HA 	TROOPPINEN HUONE,2557,G-HA 	TROOPPINEN HUONE,1,See under tags,,,,,,,Flowers have unusual shapes and patterns.,,,,,,,,,Contains toxic and carcinogenic compounds – dangerous to humans even in small amounts.,,Distinctive pipe-shaped flowers create curiosity value.,,,,,,,,Kukat ovat epätavallisia muotoja ja kuvioita.,,,,,,,,,Sisältää myrkyllisiä ja syöpää aiheuttavia yhdisteitä – vaarallista ihmisille jo pienissä määrissä.,,"Erityinen, pippuramuotoinen kukka luonnontieteellisesti herättää kummastusta.",,
Artabotrys hexapetalus,,Climbing ylang-ylang,kiipeävä ylang-ylang,G-HA 	TROOPPINEN HUONE,2511,G-HA 	TROOPPINEN HUONE,1,,,,,,,,Fragrant green-yellow flowers appear along stems.,,,,Rare indoor climber for warm environments.,,,,,,,Hook-like structures allow the plant to climb uniquely.,,,,,,,,"Hajuinen, vihreänkeltainen kukka ilmenee oksilla.",,,,Harvinainen sisäkasvi lämpimille ympäristöille.,,,,,,,Kynnelliset rakenteet mahdollistavat kasvin yksilöllisen kiipeämiset.,,
Artemisia absinthium,,Wormwood,Koiruoho,H-O 	HYÃ–TYKASVI OSASTO,335,H-O 	HYÃ–TYKASVI OSASTO,1,See under tags,,,,,,,,,,,,,,,,Contains strong bioactive compounds; excessive use harmful to humans.,,,,,,,,,,,,,,,,,,,Sisältää voimakkaasti biologisesti aktiivisia yhdisteitä; liian suuri käyttö vaarallista ihmisille.,,,,
Arum italicum,,Italian arum,Italinium,G-HD 	TALVISAT. L. VÃ„LIMEREN ILMASTOALUE,8615,G-HD 	TALVISAT. L. VÃ„LIMEREN ILMASTOALUE,1,See under tags,,,,,,,,,,,,,,,,Decorative foliage and berries; ingestion dangerous to humans and pets.,,,,,,,,,,,,,,,,,,,Koristekasvillisuus ja marjat; nautinto vaarallista ihmisille ja eläimille.,,,,
Arum maculatum,,Cuckoo pint,Käenrieska,#N/A,,,1,See under tags,,,,,,,,,,,,,,,,Bright red berry spikes visually appealing but strongly toxic.,,,,,,,,,,,,,,,,,,,"Vahvoja punaisia marjoja, jotka ovat visuaalisesti mielenkiintoinen, mutta voimakkaasti myrkyllinen.",,,,
Asclepias syriaca,,Common milkweed,Silkkiyrtti,S-O 	SYSTEMAATTINEN OSASTO,17244,S-O 	SYSTEMAATTINEN OSASTO,1,See under tags,,,,,,,,,,,,,,,,Milky sap is toxic – relevant risk for pets and grazing animals.,,,,,,,,,,,,,,,,,,,Maitomainen siitepöly on myrkyllistä – vaarallista eläimille ja niittyeläimille.,,,,
Asparagus densiflorus (or related Asparagus spp.),,Asparagus fern,parsasaniainen,#N/A,,,1,,,,,,,,,,,,"Needle-like branchlets form soft green plumes, and the cloud-like canopy gives the plant a very different visual texture from true ferns despite the common name.",,,,,,,,,,,,,,,,,,,"Neulamaiset haarukat muodostavat pehmeitä vihreitä kukanmuotoisia kasveja, ja pilvenmuotoisen kasvukannan antaa kasville erilainen visuaalinen teksturi kuin oikeat saniaiset.",,,,,,,,,
Alocasia × amazonica ‘Polly’,,African mask plant,luurankovehka,Trooppinen huone,,,1,,X: -133.62 Y: 17.44,,,,,,,,,,"Dark, glossy leaves are cut by bright white veins and sharply toothed edges, creating a dramatic contrast between smooth surfaces and bold form, this plant grows best with consistent watering.",,,,,,,,,y,,,,,,,,,,"Pimeät, kiiltävät lehdet ovat valkoisilla suonitusreiteillä ja terävillä reunilla, luomalla dramatiikan suhteessa suhteettoman suorien pinta-alojen ja voimakkaan muodon välillä; kasvi kasvaa parhaiten jatkuvalla vesivaroituksella.",,,,,,,,,
Aspidistra elatior,,Cast iron plant,liuskavehka,G-HA 	TROOPPINEN HUONE,2528,G-HA 	TROOPPINEN HUONE,1,,,,,,,,,,,,"Extremely tolerant, making it reliable for indoor growers.",,,,,,,"Deep green leaves create a calm, architectural presence.",,,,,,,,,,,,"Erityisen kestävä, mikä tekee siitä luotettavan sisäkasvien kasvattajille.",,,,,,,Syvän vihreät lehdet luovat rauhallisen arkkitehtonisen läsnäolon.,,
Aspidistra elatior variegata,,Variegated cast iron plant,kirjolehtiliuskavehka,#N/A,,,1,,,,,,,,Flowers remain hidden near soil.,,,,Extremely durable indoor plant with added visual interest.,,,,,,,Striped leaves add variation to otherwise simple structure.,,,,,,,,Kukat pysyvät maanpinnan lähellä.,,,,Erityisen kestävä sisäkasvi lisäksi visuaalista kiinnostusta.,,,,,,,Raitaiset lehdet lisäävät muuten yksinkertaista rakennetta.,,
Asplenium nidus,,Bird’s nest fern,pesäraunioinen,G-HC 	SANIAISET,2639,G-HC 	SANIAISET,1,,,,,,,,,,,,"Broad fronds rise from the center in a bowl-like rosette, and the simple undivided leaf form gives the plant a clean, sculptural presence.",,,,,,,,,,,,,,,,,,,"Laajat lehdet nousevat keskustasta laajan, kupolinmuotoisen rosettin muodostamaan, ja yksinkertainen, eikä jakautunut lehtimuoto antaa kasville puhtaan, veistoksellisen läsnäolon.",,,,,,,,,
Astrophytum myriostigma,,Bishop’s cap cactus,piispanhattukaktus,G-HF 	SUKKULENTIT,8300,G-HF 	SUKKULENTIT,1,,,,,,,,Yellow flowers may appear at maturity.,,,,Ideal for indoor collectors due to compact growth.,,,,,,,Star-shaped body with subtle dotted texture.,,,,,,,,Keltaiset kukat saattavat ilmestyä kypsyydessä.,,,,"Sopii sisätiloissa kasvattavaksi, koska kasvi kasvaa kompaktina.",,,,,,,Tähti muotoisen kehon pinta on pehmeästi pisteellinen.,,
Astrophytum ornatum,Cactaceae,Star cactus,Tähtipiispanhattu,G-HF 	SUKKULENTIT,3237,G-HF 	SUKKULENTIT,1,"Star-like ribs radiate symmetrically across the plant surface, creating a patterned form where ridges and spines define both structure and protection – take a closer look at how the ribs form a star-shaped body and how spines run along these ridges to protect and shade the plant in extreme dryness.",,,,,,,,,,,,,,,,,,,,,,,,,,,,,,,,,,,,,,,
Atropa bella-donna,,Deadly nightshade,Belladonna,L-O 	LÃ„Ã„KEKASVI OSASTO,48636,L-O 	LÃ„Ã„KEKASVI OSASTO,2,See under tags,,,,,,,,,,,,,,,,Shiny black berries resemble cherries; highly toxic to humans.,,,,,,,,,,,,,,,,,,,Läpikuultavat mustat marjat muistuttavat kirsikoita; niillä on korkea myrkyllisyys ihmisille.,,,,
Anthurium Andreanum-hybr.,,Flamingo flower,flamingonkukka,G-HA 	TROOPPINEN HUONE,2514,G-HA 	TROOPPINEN HUONE,1,,x -128.44  y 19.15,,,,,,"Anthurium andreanum is native to Colombia and Ecuador. Its glossy red spathes and spadix are widely used in the Philippines for funeral wreaths and grave flowers, symbolizing respect and remembrance due to their long-lasting form.",,,,"As a houseplant, Anthurium andreanum is valued for its bold, waxy blooms and tropical foliage. It prefers warm, humid indoor conditions with bright indirect light and provides long-lasting colour, making it a popular ornamental indoor plant.",,,,,,,,,y,,,,,,"Anthurium andreanum on kotoisin Kolumbiasta ja Ecuadorista. Sen kiiltävät punertavat spatheet ja spadix ovat laajalti käytössä Filippiineillä hautajaiskruunuina ja hautakukkina, symboloivat kunnioitusta ja muistoa pitkäaikaisen muodon vuoksi.",,,,"Sisäkasvina Anthurium andreanum arvostetaan voimakkaista, kuituisista kukista ja trooppisesta lehtikasvusta. Se suosii lämpimiä, kosteita sisätiloissa olevia olosuhteita ja valoisaa sivuvaloa, ja tarjoaa pitkäaikaista väriä, joten se on suosittu sisäkasvina.",,,,,,,,,
Araucaria heterophylla,,Norfolk island pine,Norfolkianaraukaria,G-HD 	TALVISAT. L. VÃ„LIMEREN ILMASTOALUE,2534,G-HD 	TALVISAT. L. VÃ„LIMEREN ILMASTOALUE,1,,x -162.50  y -3.86,,,,"Araucaria heterophylla, commonly known as the Norfolk Island pine, is a conifer native to Norfolk Island in the South Pacific. It has a distinctive symmetrical, tiered shape and soft needle-like foliage. In the wild, it is considered vulnerable because it naturally occurs only on a very small island range, making it highly sensitive to habitat loss, invasive species, and past logging. Its limited distribution and slow regeneration contribute to its conservation concern.",,,,,,,,,,,,,,,y,,,,"Araucaria heterophylla, joka tunnetaan myös nimellä Norfolk Island paju, on paju, joka on kotoisin Norfolk Islandilta Etelä-Pasifikaan. Se on tunnustettavissa symmetrisen, kerroksellisen muodon ja pehmeän, kynsien kaltaisen lehtikasvun omistaja. Vapaa- eläinolosuhteissa se on katsottu uhanalaiseksi, koska se esiintyy luonnostaan vain hyvin pienellä saariryhmällä, mikä tekee siitä hyvin herkkää elinalueen menetykselle, invaasiolajeille ja menneisyyden metsästykseen. Rajoittunut levitys ja hitaasti regeneroiva ominaisuus ovat syytä häiriintymiselle.",,,,,,,,,,,,,,,
Bauhinia variegata,,Orchid tree,orkideapuu,G-HA 	TROOPPINEN HUONE,13951,G-HA 	TROOPPINEN HUONE,1,,,,,,,,Orchid-like flowers offer delicate beauty.,,,,Grown indoors as a statement specimen.,,,,,,,Twin-lobed leaves resemble butterfly wings.,,,,,,,,Orchideja muistuttavat kukat tarjoavat hienon kauneuden.,,,,Kasvaa sisätiloissa ylellisyyden esineenä.,,,,,,,Kaksiosaiset lehdet muistuttavat siipien sijasta perhosen siipiä.,,
Aruncus dioicus,,Goatsbeard ,Isotöyhtöangervo,S-O 	SYSTEMAATTINEN OSASTO,25568,S-O 	SYSTEMAATTINEN OSASTO,1,,,,,,,,"Aruncus dioicus blooms in early to midsummer, producing tall, plume-like clusters of small creamy-white flowers. The flowers rise well above the foliage and remain attractive for several weeks.",,,,,,"Aruncus dioicus is native to Finland and grows naturally in moist forests, woodland edges, and streamside habitats. It thrives in cool, nutrient-rich soils and is found throughout much of the country.",,,,,"Aruncus dioicus forms large clumps of finely divided leaves topped with tall, plume-like flower clusters. Its size and elegant flower heads make it a distinctive feature in shaded gardens and natural woodland settings.",,y,,,,,,"Aruncus dioicus kukkii varhain kesällä, tuottaa pitkän, paksun, pieniä kermanvalkoisia kukkia. Kukat nousevat hyvin ylemmäksi lehtikasvun yläpuolelle ja pysyvät houkuttelevina useita viikkoja.",,,,,,"Aruncus dioicus on kotoisin Suomesta ja kasvaa luonnostaan kosteissa metsissä, metsänreunoilla ja virta-alueilla. Se kukoistaa kylmässä, ravinteikkaassa maaperässä ja on yleinen suurimmassa osassa maata.",,,,,"Aruncus dioicus muodostaa suuria, hienosti jakautuneita lehtien ryhmiä, joita koristaa pitkät, pölykukan muistuttavat kukinnot.",,
Begonia coccinea,,Cane begonia,korallibegonia,G-HA 	TROOPPINEN HUONE,46703,G-HA 	TROOPPINEN HUONE,1,,,,,,,,Coral-red clusters form elegant hanging sprays.,,,,Upright stems add vertical interest indoors.,,,,,,,Tall form combined with drooping flowers creates layered structure.,,,,,,,,"Korallinpunaiset kukinnot muodostavat kauniita, vaakasuorasti ojentuneita kukkakasvustoja.",,,,Pystyvarret lisäävät sisätiloihin kiinteää korkeutta.,,,,,,,Pitkä muoto yhdistettynä laskeutuvien kukkien kanssa luovat kerroksellisen rakenteen.,,
Begonia foliosa,,Trailing begonia,riippubegonia,#N/A,,,1,,,,,,,,Small flowers appear along stems.,,,,Excellent for indoor hanging baskets.,,,,,,,"Fine branching creates soft, cascading foliage texture.",,,,,,,,Pienet kukat ilmenevät varren pituessa.,,,,Suositeltava sisätiloissa oleva kasa.,,,,,,,"Finne haarat luovat pehmeän, laskeutuvan lehtimateriaalin.",,
Begonia heracleifolia,,Star begonia,tähtibegonia,G-HO 	KASVIHUONE OSASTO,55759,G-HO 	KASVIHUONE OSASTO,1,,,,,,,,,,,,Grows well indoors as a foliage plant.,,,,,,,Star-shaped leaves create distinctive geometry.,,,,,,,,,,,,Kasvaa hyvin sisätiloissa lehtikasvina.,,,,,,,Tähdenmuotoiset lehdet luovat erityistä geometriaa.,,
Asparagus officinalis,,Asparagus,parsa,H-3 	VIHANNEKSET,358,H-3 	VIHANNEKSET,1,,,,"Asparagus officinalis is a perennial vegetable crop grown in temperate regions for its edible shoots. Once established, it can remain productive for many years, producing new growth each spring under suitable soil and climate conditions.","Asparagus officinalis produces young edible shoots known as asparagus spears. These are harvested in early spring and eaten as a vegetable, commonly steamed, grilled, or used in a variety of warm and cold dishes worldwide.",,,,,,"Asparagus officinalis has been cultivated for thousands of years, originating in the Mediterranean region and western Asia. It was valued by ancient civilizations such as the Egyptians, Greeks, and Romans and spread widely through Europe as a prized seasonal vegetable.",,,,,,,Asparagus officinalis is a seasonal crop harvested mainly in early spring when its tender shoots emerge from the soil. This short harvest period makes it a prized seasonal vegetable with high demand during its limited availability.,,,y,,"Asparagus officinalis on monivuotinen kasvikunta, jota kasvatetaan lämpimissä alueissa ruokasipulikasviksi. Kasvukuntoon saavuttuaan se voi säilyä tuottavana monia vuosia, tuottamalla uutta kasvua keväällä sopivassa maaperässä ja ilmastossa.","Asparagus officinalis tuottaa nuoria, syötäviä sipuleita, joita kutsutaan sipuleiksi. Ne kerätään keväällä ja syödään ruokasipulina, yleensä höyrytettyinä, grillattuina tai monipuolisissa lämpimissä ja kylmässä ruoassa ympäri maailmaa.",,,,,,"Asparagus officinalis on ollut viljelty tuhansia vuosia, alkuperänsä saanut Välimeren alueelta ja länsi-Aasiasta. Se arvostettiin antiikin aikakaudella muun muassa egyptiläisten, kreikkalaisten ja roomalaisten kulttuureissa ja levisi laajasti Eurooppaan arvostetuna kausiruokasipulena.",,,,,,,"Asparagus officinalis on kasvaa kausikasvina, ja sitä harjoitetaan pääasiassa keväällä, kun sen pehmeät oksat nousevat maasta.",,,
Begonia masoniana,,Iron cross begonia,ristibegonia,G-HA 	TROOPPINEN HUONE,5264,G-HA 	TROOPPINEN HUONE,1,,,,,,,,Flowers are minimal and not the focus.,,,,Thrives as a foliage focal point indoors.,,,,,,,Bold cross-shaped marking dominates the leaf surface.,,,,,,,,"Kukkia on vähän, eikä niitä pidetä keskeisinä.",,,,Kasvaa hyvin lehtienä sisätiloissa.,,,,,,,Lehtien pinnalla on voimakas ristiinmuotoinen merkintä.,,
Begonia nelumbiifolia,,Lotus begonia,lootusbegonia,G-HA 	TROOPPINEN HUONE,36798,G-HA 	TROOPPINEN HUONE,1,,,,,,,,,,,,Thrives indoors in humid environments.,,,,,,,Large rounded leaves resemble water lilies.,,,,,,,,,,,,Kasvaa hyvin kosteissa sisätiloissa.,,,,,,,Suuret pyöreät lehdet muistuttavat vesikasveja.,,
Beloperone guttata,,Shrimp plant,katkarapukasvi,G-HA 	TROOPPINEN HUONE,5265,G-HA 	TROOPPINEN HUONE,1,,,,,,,,Small flowers emerge between colorful bracts.,,,,Reliable indoor plant with steady growth in warm conditions.,,,,,,,Overlapping bracts resemble layered shrimp shells.,,,,,,,,Värikkäiden braktejen välissä ilmenee pieniä kukkia.,,,,"Luotettava sisäkasvi, joka kasvaa tasaisesti lämpimissä olosuhteissa.",,,,,,,Ylityöskentelyä muistuttavat braktejen päällekkäin olevat kerrokset.,,
Berberis spp.,,Barberry,Happomarja,#N/A,,,1,See under tags,,,,,,,,,,,,,,,,Sharp spines and alkaloids – mainly a physical hazard.,,,,,,,,,,,,,,,,,,,Paksut piikit ja alkaloidit – pääasiassa fyysinen vaara.,,,,
Bergeranthus vespertinus,,Succulent daisy,aavikkodaisy,G-HF 	SUKKULENTIT,5295,G-HF 	SUKKULENTIT,1,,,,,,,,Opens bright flowers that respond to light.,,,,Works well indoors in sunny windows.,,,,,,,"Compact clumps create dense, sculpted forms.",,,,,,,,Avautuvat kirkkaat kukat reagoivat valolle.,,,,Toimii hyvin sisätiloissa aurinkoisissa ikkunoissa.,,,,,,,"Tiivisteet muodostavat tiheitä, veistettyjä muotoja.",,
Begonia maculata,,Polka dot begonia,pilkkubegonia,#N/A,,,1,,,,,,,,,,,,The striking Begonia maculata turns heads with its metallic silver polka dots and bold red leaf backings. Keep this exotic beauty happy by placing it in bright indirect sun and watering when the topsoil dries.,,,,,,,,,,,,,,,,,,,"Begonia maculata tekee vaikutuksen metallinkeltaisilla pisteillä ja voimakkailla punertavilla lehtien takapuolilla. Pidä tämä eksotiikkaa onnellisena sijoittamalla sen kirkkaaseen, epäsuoraan auringonvaloon ja vesittämällä kunnes pinta-aines kuivuu.",,,,,,,,,
Asparagus setaceus,,lace fern,unelma,G-HD 	TALVISAT. L. VÃ„LIMEREN ILMASTOALUE,2802,G-HD 	TALVISAT. L. VÃ„LIMEREN ILMASTOALUE,1,,x -154.93  y 2.29,,,,,,,,,,"Asparagus setaceus is widely grown as a houseplant for its soft, feathery foliage. It thrives in bright, indirect light and is commonly used indoors, in conservatories, and as a decorative foliage plant.",,,,,"Asparagus setaceus produces small black berries that are mildly toxic if ingested. Its stems also have small thorns, which can make handling the plant uncomfortable.",,"Asparagus setaceus has delicate, lace-like stems covered with fine needle-like cladodes that give it a light and airy appearance. Its elegant growth habit makes it popular in floral arrangements and ornamental displays.",,y,,,,,,,,,,"Asparagus setaceus kasvaa yleisesti huonekasvina pehmeiden, höyhenistä muodostuneiden lehtiensä vuoksi. Se kukoistaa kirkkaassa, epäsuorassa valossa ja on yleisesti käytetty sisätiloissa, konservatiiveissa ja koristelehtienä.",,,,,"Asparagus setaceus tuottaa pieniä mustia marjoja, jotka ovat lievästi myrkyllisiä, jos niitä syödään. Sen varret myös sisältävät pieniä piikkejä, jotka tekevät kasvan hoitoon epämiellyttävää.",,"Asparagus setaceus on pehmeiden, kankaanmuotoisten varren ja siihen kiinnittyneiden, kapeiden, kynsien kaltaisten lehtien kanssa. Sen elegantti kasvutapa tekee siitä suosittua koristelehtienä ja koristekasvina.",,
Atropa bella-donna,,deadly nightshade,belladonna,L-O 	LÃ„Ã„KEKASVI OSASTO,48636,L-O 	LÃ„Ã„KEKASVI OSASTO,2,,,,,,,,"Atropa belladonna produces purple, bell-shaped flowers that appear in summer. These flowers are attractive to pollinators, but the plant develops highly toxic berries after flowering that resemble small dark cherries.",,,"Atropa belladonna has a long reputation in European history, where it was both feared and quietly used. In the Middle Ages it became linked with witchcraft and poison stories because of its strong effects on the mind and body. The name “belladonna” (“beautiful woman”) comes from Renaissance Italy, where women reportedly used berry extracts to widen their pupils for a dramatic cosmetic look. It also appears in early herbal texts and later became important in the development of toxicology due to its powerful alkaloids.",,"Atropa belladonna contains potent tropane alkaloids such as atropine and scopolamine. These compounds have been studied and used in controlled medical settings, especially in ophthalmology and as antispasmodic agents.",,,,"Atropa belladonna is extremely toxic in all parts of the plant, especially the berries and roots. Ingestion can cause severe poisoning affecting the nervous system, leading to delirium, hallucinations, and potentially fatal outcomes.",,,,y,,,,,,"Atropa belladonna tuottaa kesäisin sinisiä, kellomuotoisia kukkia. Kukat ovat houkuttelevia hyönteisille, mutta kasvi kehittää myrkyllisiä marjoja kukkien jälkeen, jotka muistuttavat pieniä tummia marjoja.",,,"Atropa belladonna on pitkän historiallisen maineen omaava kasvi Euroopassa, jossa se pelättiin ja salataan. Keski-ajan Euroopassa se liitettiin noitien ja myrkkytarinoiden kanssa, koska sen vaikutukset olivat voimakkaita mielen ja ruumiin suhteen. Nimi ""belladonna"" (""kaunotar"") tulee renessanssi-Italiasta, jossa naiset käyttivät marjojen extraktia silmien laajentamiseen dramatisoidakseen ulkonäköään. Se esiintyy myös varhaisissa kasvitieteellisissä teksteissä ja myöhemmin se oli tärkeä myrkkyjen kehityksessä sen voimakkaiden alkaloidien vuoksi.",,"Atropa belladonna sisältää voimakkaita tropanaalikalaisia, kuten atropiinia ja skopolamiinia. Näitä yhdisteitä on tutkittu ja käytetty kontrolloiduissa lääketieteellisissä ympäristöissä, erityisesti silmätautien hoitoon ja antispasmodiikka-aineina.",,,,"Atropa belladonna on erittäin myrkyllinen kaikkien osien osalta, erityisesti marjoissa ja juurissa. Syönti voi aiheuttaa vakavia myrkytyksiä, jotka vaikuttavat hermostoon, johtuen deliriumiin, hallucinaatioihin ja mahdollisiin kuolemaan johtaviin seuraamuksiin.",,,,
Billbergia nutans,,Queen’s tears,rytmikukka,G-HA 	TROOPPINEN HUONE,4949,G-HA 	TROOPPINEN HUONE,1,,,,,,,,Drooping flowers create delicate color accents.,,,,Suitable for hanging or elevated indoor placement.,,,,,,,Arching leaves frame suspended blossoms below the plant.,,,,,,,,Laskostuneet kukat luovat hienoja värivaihtoehtoja.,,,,Sopii kantamiseen tai korkealle sijoittamiseen sisätiloihin.,,,,,,,Kaartuvat lehdet muodostavat kantautuneiden kukkien yläpuolelle.,,
Billbergia zebrina,,Zebra bromeliad,seeprabromelia,G-HA 	TROOPPINEN HUONE,3953,G-HA 	TROOPPINEN HUONE,1,,,,,,,,Produces hanging flower spikes.,,,,Suitable for indoor growing with minimal soil.,,,,,,,Strong banded patterns on leaves stand out clearly.,,,,,,,,Kasvaa oksien päällä hängäviä kukkia.,,,,Kasvaa hyvin pienellä maaperällä sisällä.,,,,,,,Lehdillä on selkeästi näkyvät laikkuetut kuvioit.,,
Biophytum sensitivum,,Little tree plant,pikkupuu,G-HA 	TROOPPINEN HUONE,5040,G-HA 	TROOPPINEN HUONE,1,,,,,,,,Small yellow flowers appear at stem tops.,,,,Sensitive indoor curiosity plant.,,,,,,,"Leaves fold in response to touch, creating interaction.",,,,,,,,Keltaisia kukkia esiintyy oksan päällä.,,,,Sisällä kasvava herkkä kasvi.,,,,,,,Lehdet kasaantuvat kosketuksen jälkeen.,,
Bixa orellana,,Lipstick tree,annattopuu,G-HA 	TROOPPINEN HUONE,5294,G-HA 	TROOPPINEN HUONE,1,,,,,,,,Produces bright pink flowers.,,,,Can be grown indoors as a tropical specimen.,,,,,,,Spiny red seed pods create strong visual texture.,,,,,,,,Kasvaa kirkkaan pinkkiä kukkia.,,,,Kasvaa sisällä trooppisena kasvina.,,,,,,,Punaiset siemenpussit luovat voimakasta visuaalista tekstuuria.,,
Bougainvillea spectabilis,,Bougainvillea,paperikukka,G-HA 	TROOPPINEN HUONE,4921,G-HA 	TROOPPINEN HUONE,1,,,,,,,,Vivid bracts provide strong seasonal color.,,,,Requires bright indoor light but rewards careful placement.,,,,,,,Paper-like structures create intense blocks of colour.,,,,,,,,Värikkäät lehtiripset tarjoavat voimakasta kausiväriä.,,,,"Vaatii kirkkaan sisävalon, mutta palkitsee huolellisen sijoituksen.",,,,,,,Paperimaiset rakenteet luovat voimakasta värisävyä.,,
Bowiea volubilis,,Climbing onion,kiipeävä sipuli,G-HF 	SUKKULENTIT,5003,G-HF 	SUKKULENTIT,1,,,,,,,,Tiny flowers appear along stems.,,,,Curious indoor specimen with minimal care needs.,,,,,,,Bulb sits exposed while thin stems form airy structures.,,,,,,,,Pienet kukat ilmestyvät oksissa.,,,,"Erikoista sisäkasvattavaa lajia, joka vaatii vähän huolenpitoa.",,,,,,,"Varvas sijaitsee avoimesti, kun ohuet oksat muodostavat ilmavat rakenteet.",,
Brachychilum horsfieldii,,Orchid species,orkidea,G-HA 	TROOPPINEN HUONE,51047,G-HA 	TROOPPINEN HUONE,1,,,,,,,,Produces structured orchid flowers.,,,,Compact orchid suited for indoor growing.,,,,,,,Symmetrical blooms create precise floral geometry.,,,,,,,,Tuottaa jäsennellyt orkideakukat.,,,,"Kompakti orkide, joka sopii sisäkasvatukseen.",,,,,,,Sisäkkäät kukat luovat tarkkaa kasvillisuuden geometriaa.,,
Brachychiton acerifolius,,Flame tree,liekkipuu,G-HB 	KESÃ„SATEIDEN ALUE,16759,G-HB 	KESÃ„SATEIDEN ALUE,1,,,,,,,,Bright red blooms create intense color displays.,,,,Can be maintained indoors when young.,,,,,,,Lobed leaves and bold flowering give strong presence.,,,,,,,,Vahvat punertavat kukat luovat voimakkaita värisävyjä.,,,,Voit ylläpitää sitä sisällä nuorena.,,,,,,,Kääröiset lehdet ja voimakas kukinta antavat vahvan vaikutelman.,,
Brassia verrucosa,,Spider orchid,hämähäkkikämmekkä,G-HA 	TROOPPINEN HUONE,2965,G-HA 	TROOPPINEN HUONE,1,,,,,,,,Long spidery flowers create unusual bloom forms.,,,,Indoor orchid suited to collectors.,,,,,,,"Petals extend dramatically, resembling spider legs.",,,,,,,,Pituista verkkomainen kukat luovat epätavallisia kukka muotoja.,,,,"Sisäorkide, joka sopii keräilijöille.",,,,,,,"Verhot ulottuvat dramatiikallisesti, muistuttavat verkkokäpyjä.",,
Averrhoa carambola,Oxalidaceae,Star fruit tree,Karambola,G-HA 	TROOPPINEN HUONE,2652,G-HA 	TROOPPINEN HUONE,1,,x -137.12  y 7.84,,,,,,,,"Averrhoa carambola, commonly known as starfruit, is a tropical fruit tree native to Southeast Asia. It produces distinctive yellow, ridged fruits that form a star shape when sliced. The fruit is eaten fresh or used in juices, salads, and desserts, valued for its sweet-tart flavor and high vitamin C content. The tree is also grown as an ornamental plant in tropical and subtropical regions.",,,,,,,,,,,y,,,,,,,,"Averrhoa carambola on yleisnimellä tähtöpähkinä on trooppinen hedelmäpuu, joka on kotoisin Kaakkois-Aasiasta. Se tuottaa erikoisia keltaisia, ristiksi kaartuvia hedelmiä, jotka muodostavat tähtien muotoinen kuutio, kun niitä leikataan. Hedelmää syödään raakana tai käytetään juomissa, salaatissa ja makeisissa, ja sen arvostetaan makean-suurta makuista ja korkeaa C-vitamiinia sisältävää ominaisuutta. Puu kasvatetaan myös koristekasvina trooppisissa ja subtrooppisissa alueilla.",,,,,,,,,,,
Breynia disticha,,Snow bush,lumipensas,G-HA 	TROOPPINEN HUONE,17661,G-HA 	TROOPPINEN HUONE,1,,,,,,,,Flowering is insignificant.,,,,Grown indoors for foliage colour.,,,,,,,"Leaves show pink, white, and green variation.",,,,,,,,Kukintaa ei ole merkittävää.,,,,Kasvatetaan sisällä lehtien värin vuoksi.,,,,,,,"Lehdet näyttävät pinkkiä, valkoista ja vihreää vaihtelua.",,
Brugmansia spp.,,Angel’s trumpet,Pasuunakukka,#N/A,,,1,See under tags,,,,,,,,,,,,,,,,Large striking flowers invite curiosity; all parts highly toxic to humans.,,,,,,,,,,,,,,,,,,,Suuret vaikuttavat kukat houkuttelevat kummastusta; kaikki osat ovat erittäin myrkyllisiä ihmisille.,,,,
Brugmansia suaveolens,,Angel’s trumpet,Pasuunakukka,G-HA 	TROOPPINEN HUONE,4911,G-HA 	TROOPPINEN HUONE,1,See under tags,,,,,,,,,,,,,,,,Contains hallucinogenic toxins; dangerous to humans and pets if consumed.,,The sheer size and downward orientation of flowers is striking.,,,,,,,,,,,,,,,,,"Sisältää hallusinoottisia myrkkyjä; vaarallista ihmisille ja eläimille, jos niitä syödään.",,Kukkien suuri koko ja alas oleva asento on vaikuttava.,,
Brunfelsia grandiflora,,Rainforest jasmine,Sademetsäjasmike,#N/A,,,1,See under tags,,,,,,,,,,,,,,,,"Strongly scented flowers; plant toxic, especially to pets.",,,,,,,,,,,,,,,,,,,"Voimakkaasti tuoksuvat kukat; kasvi on myrkyllinen, erityisesti eläimille.",,,,
Brunfelsia uniflora,,Yesterday–today–tomorrow,Brunfelsia,G-HA 	TROOPPINEN HUONE,3552,G-HA 	TROOPPINEN HUONE,1,See under tags,,,,,,,,,,,,,,,,Colour-changing flowers attract attention; berries toxic especially to pets.,,The gradual color change creates a living gradient effect.,,,,,,,,,,,,,,,,,"Väriä muuttavat kukat houkuttelevat huomiota; marjat ovat myrkyllisiä, erityisesti eläimille.",,Värien hitaasti muuttuminen luotaa elävän grafiikan vaikutelman.,,
Bryonia dioica,,White bryony,Myrkkyköynnös,#N/A,,,1,See under tags,,,,,,,,,,,,,,,,Red berries resemble currants but are toxic to humans.,,,,,,,,,,,,,,,,,,,"Punaiset marjat muistuttavat kurpitsaa, mutta ovat myrkyllisiä ihmisille.",,,,
Bryonia spp.,,Bryony,Myrkkyköynnös,#N/A,,,1,See under tags,,,,,,,,,,,,,,,,Toxic roots and berries – dangerous to humans and pets.,,,,,,,,,,,,,,,,,,,Myrkylliset juuret ja marjat ovat vaarallisia ihmisille ja eläimille.,,,,
Buxus sempervirens,,Boxwood,Puksipuu,G-HD 	TALVISAT. L. VÃ„LIMEREN ILMASTOALUE,4394,G-HD 	TALVISAT. L. VÃ„LIMEREN ILMASTOALUE,1,See under tags,,,,,,,,,,,,,,,,Contains toxic compounds; harmful to pets if ingested.,,,,,,,,,,,,,,,,,,,"Sisältää myrkyllisiä yhdisteitä; haitallista lemmikkeille, jos ne syödään.",,,,
Caladium hybr.,,Fancy leaf caladium,kalladium,G-HA 	TROOPPINEN HUONE,16682,G-HA 	TROOPPINEN HUONE,1,,,,,,,,Flowers not noticeable.,,,,Widely used indoors for temporary displays.,,,,,,,Highly ornamental leaf patterns resemble painted surfaces.,,,,,,,,Kukat eivät ole huomattavia.,,,,Yleisesti käytetään sisällä lyhytaikaisiin näyttelyihin.,,,,,,,Korkeasti koristellut lehtien kuvio muistuttaa maalaamia pintoja.,,
Calathea ‘Stella’,,Stella calathea,kalatea ‘Stella’,#N/A,,,1,,,,,,,,,,,,"Variegated leaves brighten the plant with pale patterning, and the layered rosette habit gives it a composed, decorative presence.",,,,,,,,,,,,,,,,,,,"Varieeruvat lehdet valaisevat kasvia vaaleilla kuvioinnilla, ja kerroksellinen rosetti-asento antaa sille koostuneen, koristellun ilmeen.",,,,,,,,,
Calathea elliptica ‘Vittata’,,Vittata calathea,kalatea ‘Vittata’,#N/A,,,1,,,,,,,,,,,,White linear markings brighten narrow leaves and create a crisp striped look that works well among darker tropical foliage.,,,,,,,,,,,,,,,,,,,"Valkoiset lineaariset merkit valaisevat kapeita lehtiä ja luovat kirkkaan raidallisen näkökohdan, joka toimii hyvin tummassa trooppisessa kasvisuojassa.",,,,,,,,,
Calathea exotica,,Calathea,kalatea,G-HA 	TROOPPINEN HUONE,17717,G-HA 	TROOPPINEN HUONE,1,,,,,,,,Flowers not significant.,,,,Popular indoor plant for decorative foliage.,,,,,,,Strong white and green striping creates visual rhythm.,,,,,,,,Kukat eivät ole merkittäviä.,,,,Suosittu sisäkasvi koristelluille lehdille.,,,,,,,Voimakas valkoinen ja vihreä raidallisuus luonnostaa visuaalista rytmiä.,,
Calathea lancifolia,,Rattlesnake plant,kalatea ‘Rattlesnake’,#N/A,,,1,,,,,,,,,,,,"Long, wavy leaves are marked with dark oval blotches and rich purple undersides, creating a lively striped surface that shifts as the leaves move through the day.",,,,,,,,,,,,,,,,,,,"Pitkät, kiertävät lehdet on merkitty tummien ovalleiden pisteiden kanssa ja rikkaat violetit alat, luoden elävän raidallisen pinnan, joka vaihtelee lehtien liikkeiden mukaan päivän aikana.",,,,,,,,,
Calathea lietzei,,Calathea,kalatea,G-HA 	TROOPPINEN HUONE,5214,G-HA 	TROOPPINEN HUONE,1,,,,,,,,,,,,Thrives in stable indoor humidity.,,,,,,,Purple undersides and layered patterns reveal depth with movement.,,,,,,,,,,,,Kukoistaa vakautuneessa sisällä olevassa kosteudessa.,,,,,,,Violetit alat ja kerrokselliset kuviot paljastavat syvyyttä liikkeiden mukaan.,,
Calathea makoyana,,Peacock plant,riikinkukkokalatea,#N/A,,,1,,,,,,,,,,,,"Fine feathered markings spread across the leaf in mirrored pairs, creating a translucent, patterned surface that is especially striking when backlit.",,,,,,,,,,,,,,,,,,,"Kapeat, sileästi kantavat merkit levittäytyvät lehdessä peilikuvapareina, luominen läpinäkyvää, kuvioitua pinnasta, joka on erityisen vaikuttava, kun taustaa valaistuu.",,,,,,,,,
Calathea musaica ‘Network’,,Network calathea,kalatea ‘Network’,#N/A,,,1,,,,,,,,,,,,"Tiny squares and intersecting lines create a mosaic over the leaf surface, and the fine reticulation is especially rewarding for anyone interested in plant pattern rather than plant size.",,,,,,,,,,,,,,,,,,,"Pienet neliöt ja risteytynyt linjat luovat mosaiikin lehtipinnan yläpuolella, ja hieno retikulaatio on erityisen palkitseva kaikille, jotka ovat kiinnostuneita kasvien kuvioista eikä kasvien koon sijaan.",,,,,,,,,
Calathea ornata ‘Beauty Star’,,Beauty Star calathea,kalatea ‘Beauty Star’,#N/A,,,1,,,,,,,,,,,,"Fine pale striping runs across elongated leaves, and the repeated lines draw attention to the leaf surface in the same way brushstrokes animate a painted pattern.",,,,,,,,,,,,,,,,,,,"Hieno, vaalea raideltuminen kulkee pitkien lehtien yli, ja toistuvat linjat kohottavat huomiota lehtipinnalle samalla tavalla kuin siveltimen liikkeet animoivat maalaustyylit.",,,,,,,,,
Calathea ornata ‘Pinstripe’,,Pinstripe calathea,kalatea ‘Pinstripe’,#N/A,,,1,,,,,,,,,,,,"Thin pink lines stretch across dark leaves with remarkable regularity, and the simple striping gives the plant a refined, graphic elegance.",,,,,,,,,,,,,,,,,,,"Ohuet pinkit linjat ulottuvat tummien lehtien yli erittäin säännöllisesti, ja yksinkertainen raideltuminen antaa kasvulle kalligrafisen, graafisen kauneuden.",,,,,,,,,
Calathea roseopicta,,Rose-painted calathea,ruusukalatea,#N/A,,,1,,,,,,,,,,,,"Broad leaves carry painted central markings that seem layered over darker green tissue, making the foliage look almost hand-decorated.",,,,,,,,,,,,,,,,,,,"Laajat lehdet kantavat maalattuja keskimmäisiä merkkejä, jotka näyttävät kerroksittain tummanvihreää kudosta ylläpitäviltä, ja lehtien ulkonäkö näyttää lähes käsin koristeltuna.",,,,,,,,,
Calathea veitchiana ‘Medallion’,,Medallion calathea,kalatea ‘Medallion’,#N/A,,,1,,,,,,,,,,,,"Large rounded leaves carry concentric zones of green and purple, and the layered pattern makes each leaf read almost like a circular emblem.",,,,,,,,,,,,,,,,,,,"Suuret, pyöreät lehdet kantavat vihreän ja purppuran keskellä olevia vyöitä, ja kerroksittain muodostuva kuvio tekee jokaisen lehden lukea lähes kieroksi.",,,,,,,,,
Calathea zebrina,,Zebra plant,seeprakalatea,G-HA 	TROOPPINEN HUONE,2509,G-HA 	TROOPPINEN HUONE,1,,,,,,,,,,,,Appreciated indoors for movement and texture.,,,,,,,Bold striping creates rhythmic visual patterns.,,,,,,,,,,,,Arvostetaan sisällä liikkeen ja tekstin vuoksi.,,,,,,,Voimakas raideltuminen luovat rytminen näyttävä kuva.,,
Bambusa bambos 'Pai Paa',,Giant thorny bamboo,hujabambu,G-HA 	TROOPPINEN HUONE,52039,G-HA 	TROOPPINEN HUONE,1,,,,"Bambusa bambos ‘Pai Paa’ is a cultivated form of giant clumping bamboo derived from a species native to South and Southeast Asia. It produces tall, strong, thick-walled stems that grow in dense clusters and are widely valued for construction, fencing, and traditional uses. Like other bamboos, it is fast-growing and forms impressive evergreen stands in suitable climates.",,,,,,,,,,,,,,,,,y,,"Bambusa bambos 'Pai Paa' on kulttivoidun muoto suuresta, tiivistyvästä bambusta, joka on peräisin Etelä- ja Kaakkois-Aasiasta. Se tuottaa korkeita, vahvoja, paksusuojaisia runkoja, jotka kasvavat tiiviissä rykelmössä ja ovat laajasti arvostettuja rakennus-, raja- ja perinteisten käyttöjen vuoksi. Kuten muut bambut, se on nopeasti kasvava ja muodostaa vaikuttavia, ikivihreitä ryhmiä sopivissa ilmastossa.",,,,,,,,,,,,,,,,,
Callisia elegans,,Inch plant,raitalehtiköynnös,G-HA 	TROOPPINEN HUONE,17147,G-HA 	TROOPPINEN HUONE,1,,,,,,,,Small flowers appear occasionally.,,,,Easy indoor trailing plant.,,,,,,,Purple and green stripes create layered colour effect.,,,,,,,,Pienet kukat ilmenevät harvoin.,,,,Helppo sisällä juurtuva kasvi.,,,,,,,Purppura ja vihreä raideltuminen luovat kerroksittain värin vaikutus.,,
Callisia repens,,Turtle vine,pikkuköynnös,G-HA 	TROOPPINEN HUONE,17148,G-HA 	TROOPPINEN HUONE,1,,,,,,,,,,,,Compact growth suits shelves and small indoor spaces.,,,,,,,Dense trailing foliage creates a soft cascading texture.,,,,,,,,,,,,Tiheä kasvu sopii pöydille ja pienille sisätiloille.,,,,,,,"Tiheä, juurakon ulottuva kasvutuote luodaan pehmeäksi laskeutuvaksi tekstuuriksi.",,
Caltha palustris,,Marsh marigold,Rentukka,H-4 	MAUSTEKASVIT,483,H-4 	MAUSTEKASVIT,1,See under tags,,,,,,,,,,,,,,,,Raw plant is toxic; safe use requires knowledge (human use context).,,,,,,,,,,,,,,,,,,,Luonnonvarainen kasvi on myrkyllinen; turvallinen käyttö edellyttää tietoa (ihmisen käyttökonteksti).,,,,
Beaucarnea recurvata,,Ponytail palm,Huiskopullojukka,G-HF 	SUKKULENTIT,3224,G-HF 	SUKKULENTIT,1,,x -159.07  y -7.38,,,,,,,,,,"Beaucarnea recurvata, commonly known as the ponytail palm or elephant's foot, is recognized by its swollen trunk, which stores water. Its drought tolerance, slow growth, and unique appearance make it an excellent indoor plant.",,,,,,,,,y,,,,,,,,,,"Beaucarnea recurvata, jota kutsutaan yleisesti ponytail palmiksi tai elefantin jalaksi, tunnetaan kasvinsyvyydestään, joka tallentaa vettä. Sen kuivuustoleranssi, hitaakasvu ja ainutlaatuinen ulkonäkö tekevät siitä erinomaisen sisäkasvin.",,,,,,,,,
Canistrum lindenii,,Bromeliad,bromelia,G-HA 	TROOPPINEN HUONE,4948,G-HA 	TROOPPINEN HUONE,1,,,,,,,,Central inflorescences provide colour.,,,,Compact indoor bromeliad species.,,,,,,,Flattened rosette gives a layered structure.,,,,,,,,Keskusrakenteet tarjoavat värin.,,,,"Pieni, sisäkasvuisia bromelia-lajeja.",,,,,,,Tasapainnut rosetti antaa kerroksellisen rakenteen.,,
Canna edulis,,Edible canna,kanna,G-HA 	TROOPPINEN HUONE,34839,G-HA 	TROOPPINEN HUONE,1,,,,,,,,Bright flowers appear with sufficient light.,,,,Grows indoors seasonally for foliage effect.,,,,,,,Large leaves create a bold tropical look.,,,,,,,,Vahvat kukat ilmenevät riittävällä valolla.,,,,Kasvaa sisällä kausittain lehtien vaikutuksen vuoksi.,,,,,,,Suuret lehdet luovat voimakasta trooppista ulkonäköä.,,
Beta vulgaris var. Conditiva,,Common Thistle,maarianohdake,Lääkekasvit,,,2,,,,,,,,,,,,,"Silybum marianum is widely used in traditional and modern herbal medicine, particularly for extracts derived from its seeds. It is best known for compounds that are studied for their effects on liver function and detoxification support",,,,,,,,y,,,,,,,,,,,"Silybum marianum on laajasti käytetty perinteisessä ja nykyisessä lääkekasvatuotannossa, erityisesti siemenistä saadun nesteen avulla. Se tunnetaan parhaiten siitä, että sen ominaisuudet tutkitaan niiden vaikutuksista maksan toimintaan ja puhdistusvoimakkuuteen.",,,,,,,,
Carludovica palmata,,Panama hat plant,panamahattukasvi,G-HA 	TROOPPINEN HUONE,2932,G-HA 	TROOPPINEN HUONE,1,,,,,,,,Flowers are not decorative.,,,,Indoor foliage plant with large leaves.,,,,,,,Deeply divided leaves resemble palms without being true palms.,,,,,,,,Kukat eivät ole koristeellisia.,,,,Suuri lehtien sisäkasviperuna.,,,,,,,"Lehdet jakautuvat syvään, muistuttavat palmuja ilman oikeita palmuja.",,
Carpobrotus edulis,,Ice plant,jääruusukasvi,G-HF 	SUKKULENTIT,25078,G-HF 	SUKKULENTIT,1,,,,,,,,Large daisy-like flowers add color bursts.,,,,Suitable for bright indoor environments.,,,,,,,Thick succulent leaves create bold textures.,,,,,,,,Suuret kerttulamaiset kukat lisäävät värisokeita.,,,,Sopii kirkkaalle sisätilalle.,,,,,,,Paksut kasvinsuojeliaiset lehdet luovat voimakasta tekstuuria.,,
Caryota mitis,,Fishtail palm,kalastajapalmu,G-HA 	TROOPPINEN HUONE,5055,G-HA 	TROOPPINEN HUONE,1,,,,,,,,,,,,Suitable for indoor corners with vertical space.,,,,,,,"Fronds split into fish-tail shapes, creating unique texture.",,,,,,,,,,,,"Sopii sisäkulmiin, joissa on pystytilaa.",,,,,,,"Lehtiripset jakautuvat kalakilven muotoon, luoden ainutlaatuisen tekstuurin.",,
Caryota urens,,Fishtail palm,kalastajapalmu,G-HA 	TROOPPINEN HUONE,18026,G-HA 	TROOPPINEN HUONE,1,,,,,,,,Rarely flowers indoors.,,,,Adds vertical structure indoors.,,,,,,,Distinct fishtail leaf shape creates texture contrast.,,,,,,,,Kasvaa harvoin sisällä kukkaan.,,,,Lisää sisällä pystystruktuuria.,,,,,,,Erittäin erikoinen kalakilven muotoinen lehtiripset luovat tekstuurin kontrastia.,,
Cascabela thevetia,,Lucky nut tree,Onnenpähkinäpuu,#N/A,,,1,See under tags,,,,,,,,,,,,,,,,Seeds resemble edible nuts but are highly poisonous to humans.,,,,,,,,,,,,,,,,,,,"Siemenet muistuttavat syötäviä pähkinöitä, mutta ovat erittäin myrkyllisiä ihmisille.",,,,
Cassia angustifolia,,Senna,senna,G-HA 	TROOPPINEN HUONE,557,G-HA 	TROOPPINEN HUONE,1,,,,,,,,Yellow flowers appear in clusters.,,,,Grown indoors as a medicinal curiosity plant.,,,,,,,"Fine leaflets create delicate, feathery structure.",,,,,,,,Keltaiset kukat ilmestyvät ryhmissä.,,,,Kasvaa sisätiloissa lääkekasvina.,,,,,,,"Finnilaiset lehtilajit muodostavat hienon, höyhenmuotoisen rakenteen.",,
Cassia spp.,,Senna,Senna,#N/A,,,1,See under tags,,,,,,,,,,,,,,,,Medicinal plant requiring correct dosage; misuse can harm humans.,,,,,,,,,,,,,,,,,,,"Lääkekasvi, joka vaatii oikean annoksen; väärinkäyttö voi vahingoittaa ihmisiä.",,,,
Catharanthus roseus,,Madagascar periwinkle,Madagaskarinruusu,G-HA 	TROOPPINEN HUONE,52199,G-HA 	TROOPPINEN HUONE,1,See under tags,,,,,,,,,,,,,,,,Delicate flowers mask strong bioactive compounds; dangerous if misused by humans.,,,,,,,,,,,,,,,,,,,"Eroottiset kukat peittävät voimakkaita bioaktiivisia yhdisteitä; vaarallisia, jos ihmiset käyttävät niitä väärin.",,,,
Beta vulgaris var. Conditiva,,Beetroot,Punajuurikas,Hyötypuutarha,,,2,,,,"Beta vulgaris var. conditiva, commonly known as beetroot, is a root vegetable crop cultivated for its edible swollen taproot and leafy greens. It is widely grown in temperate regions as a productive seasonal food crop.","Beta vulgaris var. conditiva produces an edible taproot and leafy tops. The root is used in salads, soups, pickling, and cooked dishes, while the greens are also eaten as a nutritious vegetable in various cuisines.",,,,,,Beta vulgaris var. conditiva has been cultivated since ancient times in Europe and the Mediterranean region. It was originally grown from wild sea beet and gradually developed into modern cultivated forms valued for both food and traditional culinary uses.,,,,,Beta vulgaris var. conditiva is a hardy plant that can grow in a wide range of soils and climates. Its ability to tolerate cooler temperatures and less fertile soils has made it a dependable and widely grown vegetable crop.,,Beta vulgaris var. conditiva is a seasonal crop typically grown and harvested in cooler parts of the year. Its relatively fast growth makes it a reliable vegetable in spring and autumn cultivation cycles in temperate climates.,,,y,,"Beta vulgaris var. conditiva, eli punajuurena tunnettu juurakas, on juurakas- ja vihanneskasvi, jota kasvatetaan ruokasienen kasvamiseen ja vihanneskasveiksi.","Beta vulgaris var. conditiva tuottaa syötävän juurakka- ja vihannesosan. Juurakkaa käytetään salaatissa, keittoissa, säilössä ja kypsennettynä ruokana, kun taas vihannesten käytetään ravitsemuksellisena kasviksena eri keittiöissä.",,,,,,"Beta vulgaris var. conditiva on ollut viljelty Euroopassa ja Välimeren alueella jo antiikin ajoilta. Se on alun perin kasvatettu villisipulia ja kehittynyt ajan myötä nykyisiin viljelymuotoihin, joita arvostetaan sekä ruokakäytössä että perinteisissä ruokasalaissa.",,,,,"Beta vulgaris var. conditiva on kestävä kasvi, joka kasvaa laajalla alueella erilaisilla maaperillä ja ilmasto-olosuhteilla. Sen kyky kestää kylmiä lämpötiloja ja vähäisempiä maaperän ravinnepitoisuuksia on tekevässä sen luotettavaksi ja laajasti viljeltyksi kasviksena.",,"Beta vulgaris var. conditiva on kausikasvi, jota kasvatetaan ja kerätään yleensä viileissä osissa vuoden aikana. Sen nopea kasvu tekee siitä luotettavan kasviksen keväinen ja syksyinen viljelysyritykset lämpimissä ilmasto-olosuhteissa.",,,
Cerbera manghas,,Sea mango,Merimango,#N/A,,,1,See under tags,,,,,,,,,,,,,,,,Mango-like fruits visually deceptive; seeds extremely poisonous.,,,,,,,,,,,,,,,,,,,Mango-muistuttavat hedelmät ovat visuaalisesti petollisia; siemenet ovat erittäin myrkyllisiä.,,,,
Betula pubescens f. columnaris,,Columnar downy birch,Pylväshieskoivu,Largest picnic area,40304,K-6-1 	KUIVA LEHTO,1,yes,,,,,,,,,,,,,"Betula pubescens f. columnaris is a rare columnar form of the downy birch, a deciduous tree native to northern Europe and Asia. Unlike the typical species, it grows with a narrow, upright crown while retaining the characteristic white bark and excellent cold hardiness of the common downy birch. It is valued as an ornamental tree for gardens, parks, and avenues.",,,Elegant white flowers; causes irritation if ingested by humans or pets.,,,,y,,,,,,,,,,,,"Betula pubescens f. columnaris on harvinainen, pystykasvuinen muoto, joka on alun perin kasvattu Euroopassa ja Aasiassa. Sen kasvutapa poikkeaa tavallisesta lajista, sillä se kasvaa kapeana, pystykasvuisena oksistona, jossa on valkoinen, karakteristinen oksiston kuori ja hyvä kylmäkestävyys. Se arvostetaan koristekasvina puutarhoissa, puistoissa ja kaduilla.",,,"Kaunis valkoinen kukka; aiheuttaa ihmisille ja eläimille haittaa, jos niitä syödään.",,,,
Cestrum nocturnum,,Night-blooming jasmine,Yökukinta,#N/A,,,1,See under tags,,,,,,,,,,,,,,,,Fragrant plant often mistaken for edible species; toxic to pets.,,,,,,,,,,,,,,,,,,,Tuoksuvaa kasvia usein sekoitetaan syötäviksi lajeiksi; myrkyllinen eläimille.,,,,
Chamaedorea cataractarum,,Cat palm / Cascade palm,kaskadipalmu,#N/A,,,1,,,,,,,,,,,,"Dense clusters of feathery fronds form a full, layered canopy, and the lush texture makes the plant useful when a room needs a softer, more humid tropical feel.",,,,,,,,,,,,,,,,,,,"Tiheät, höyhenmäiset lehdet muodostavat täysin peitteen, ja runsas teksti tekee kasvista hyödyllistä, kun huoneeseen tarvitaan pehmeämpi, kosteampi trooppinen tunnelma.",,,,,,,,,
Brassica rapa subsp. Oleifera,,Turnip rape,Rypsi,Oil plants (hyötypuutarha),,,1,,,,Brassica rapa subsp. oleifera is a fast-growing oilseed crop cultivated on a commercial scale in temperate regions. Its reliable yields and efficient production have made it an important agricultural species.,,,,,,,,,,,,,,,,,y,,"Brassica rapa subsp. oleifera on nopeasti kasvava öljykasvi, jota kasvatetaan kaupallisella mittakaavalla lauhkeissa alueissa. Luotettavat tuotannot ja tehokas tuotanto ovat tehneet siitä tärkeän maatalouslajin.",,,,,,,,,,,,,,,,,
Chelidonium majus,,Greater celandine,Keltamo,L-O 	LÃ„Ã„KEKASVI OSASTO,32400,L-O 	LÃ„Ã„KEKASVI OSASTO,1,See under tags,,,,,,,,,,,,,,,,Irritating sap; mild toxicity relevant to humans.,,,,,,,,,,,,,,,,,,,Ärsyttävä siitepöly; lievä myrkyllisyys ihmisten suhteen.,,,,
Chlorophytum comosum ‘Bonnie’,,Bonnie spider plant,kiharaviherlilja,#N/A,,,1,,,,,,,,,,,,"Curled leaves twist into neat spirals, creating lively movement and a compact shape that stands out from the straighter form of the common spider plant.",,,,,,,,,,,,,,,,,,,"Käärittyjä lehtiä kääntyy tiiviiksi kierroksiksi, luodakseen elävän liikkeen ja kompaktin muodon, joka poikkeaa yleisemmästä kääpiökasvista.",,,,,,,,,
Chlorophytum comosum ‘Reverse’,,Reverse spider plant,viherlilja ‘Reverse’,#N/A,,,1,,,,,,,,,,,,"The reversed striping changes the usual balance of green and cream, and the arched leaves create a bright, patterned clump that is easy to place in ordinary home light.",,,,,,,,,,,,,,,,,,,"Käärittyjä lehtiä kääntyy tiiviiksi kierroksiksi, luodakseen elävän liikkeen ja kompaktin muodon, joka poikkeaa yleisemmästä kääpiökasvista.",,,,,,,,,
Cinchona officinalis,,Quinine tree,Kiniinipuu,#N/A,,,1,See under tags,,,,,,,,,,,,,,,,Medicinal bark; improper use toxic to humans.,,,,,,,,,,,,,,,,,,,Lääkekasvista; väärinkäyttö myrkyllistä ihmisten suhteen.,,,,
Brassica rapa subsp. Rapa,,Turnip,nauris,Hyötypuutarha,,,1,,,,"Brassica rapa subsp. rapa, commonly known as turnip, is a fast-growing root vegetable crop cultivated in temperate regions. It is grown for both its edible taproot and leafy greens, making it a versatile agricultural plant.","Brassica rapa subsp. rapa produces a swollen edible taproot and leafy tops that are both eaten. The root is cooked or eaten fresh, while the greens are used as vegetables, especially in soups, stews, and traditional dishes.",,,,,,Brassica rapa subsp. rapa has been cultivated since ancient times in Europe and Asia as an important staple vegetable. It was especially valued in traditional agriculture as a reliable winter food source before the spread of the potato.,,,,,,,"Brassica rapa subsp. rapa is a seasonal crop harvested mainly in cooler months. Its fast growth allows it to be grown in short cycles, making it a reliable vegetable source in autumn and winter in many temperate regions.",,,y,,"Brassica rapa subsp. rapa, jota kutsutaan myös rypäleksi, on nopeasti kasvava juurakasvituotanto, jota kasvatetaan lauhkeissa alueissa. Se kasvatetaan sekä syötäviksi juureksiksi että lehtikasviksi, joten se on monipuolinen maatalouskasvi.","Brassica rapa subsp. rapa tuottaa kasvavaa syötävää juurakkaa ja lehtikasvua, jotka syödään molemmat. Juuret keitetään tai syödään raakana, kun taas lehtikasvit käytetään kasviksina, erityisesti keitossa, paistossa ja perinteisissä ruokalajeissa.",,,,,,Brassica rapa subsp. rapa on ollut kasvatettuna Euroopassa ja Aasiassa jo antiikin ajoilta tärkeänä peruskasvina. Se arvostettiin erityisesti perinteisessä maataloudessa luotettavana talvikasvina ennen patatoiden leviämistä.,,,,,,,"Brassica rapa subsp. rapa on kausikasvija, jota pääosin kerätään viileissä kuukausina. Sen nopea kasvu mahdollistaa lyhyitä kasvukertoja, joten se on luotettava kasviksena syksyllä ja talvella monissa lauhkeissa alueissa.",,,
Citrus × meyeri,,Meyer lemon,meyerinsitruuna,#N/A,,,1,,,,,,,,,,,,"Glossy leaves, fragrant blossom, and edible fruit bring several stages of plant life into one pot, making this an especially satisfying species for home botanists.",,,,,,,,,,,,,,,,,,,"Kiiltävät lehdet, tuoksuvat kukat ja syötävä hedelmä tuo kasvin eri vaiheet yhteen kasvussa, joten tämä on erityisen tyydyttävä laji kotikasvattajille.",,,,,,,,,
Citrus × microcarpa,,Calamondin orange,calamondin,#N/A,,,1,,,,,,,,,,,,"Small glossy leaves, white flowers, and miniature orange fruits create a compact citrus display that combines ornamental and edible interest.",,,,,,,,,,,,,,,,,,,"Pienet kiiltävät lehdet, valkoiset kukat ja miniatiurikukkaset oranssissa värjäytyvät luovat tiivistyneen sitruunan näyttävyyden, joka yhdistää koristellun ja syötävän kiinnostuksen.",,,,,,,,,
Calendula officinalis,,pot marigold,kehäkukka,L-O 	LÃ„Ã„KEKASVI OSASTO,30682,L-O 	LÃ„Ã„KEKASVI OSASTO,1,,,,,,,"Fragaria chiloensis is native to the Pacific coasts of North and South America. Its natural range extends from Alaska to Chile, where it grows in coastal habitats including beaches, dunes, and rocky shorelines.","Calendula officinalis forms bright orange and yellow flowers with thick, slightly curved petals. Each bloom is wide, open, and composed of several layers of petals arranged in a rounded shape.",,,,,"Calendula officinalis has been used in herbal medicine for centuries. Its flowers are harvested and dried for use in teas, tinctures, creams, oils, and ointments prepared for traditional medicinal applications.",,,,,,,,y,,,,,"Fragaria chiloensis on kotoisin Tyynen valtameren rannikoilta Pohjois- ja Etelä-Amerikasta. Sen luonnollinen levinneisyys ulottuu Alaskasta Chileen, missä se kasvaa rannikkoasemissa, hiekkarannoilla ja kalliorannoilla.","Calendula officinalis muodostaa kirkkaan oranssin ja keltaisen kukkien kanssa, joiden paksut, hieman kaarevat terälehdet ovat. Kukka on laaja, avoin ja koostuu useista kerroksista terälehtiä, jotka ovat pyöreän muotoisen muodostuksessa.",,,,,"Calendula officinalis on ollut käytössä perinteisessä lääketieteessä vuosisatoja. Sen kukat kerätään ja kuivataan käytettäväksi teissä, tinktuureissa, kremmeissä, öljyissä ja voiteissa, jotka valmistetaan perinteisistä lääkekasvien soveltamisista.",,,,,,,,
Clivia miniata,,Natal lily,Kliivia,G-HD 	TALVISAT. L. VÃ„LIMEREN ILMASTOALUE,635,G-HD 	TALVISAT. L. VÃ„LIMEREN ILMASTOALUE,1,See under tags,,,,,,,,,,,,,,,,Bright orange flowers and berries; toxic if ingested (pets particularly at risk).,,,,,,,,,,,,,,,,,,,"Keltaiset kukat ja marjat; myrkyllisiä, jos ne syödään sisään (erityisesti koirat ovat riskissä).",,,,
Camellia sinensis,,Tea plant ,Tee kasvi,G-HB 	KESÃ„SATEIDEN ALUE,489,G-HB 	KESÃ„SATEIDEN ALUE,1,,x -126.88  y 8.55,,"Camellia sinensis is an evergreen shrub best known as the plant from which all true tea is made, including green, black, white, and oolong tea. Its young leaves and buds are harvested and processed in different ways to create a wide variety of flavours and drinks. It remains one of the world’s most important crop plants.",,,,,,,"Camellia sinensis is an evergreen shrub native to East Asia that has been cultivated for thousands of years, especially in China and India. It has a long history of cultural, medicinal, and social use, and tea made from its leaves has played an important role in trade routes, traditional ceremonies, and daily life across many Asian societies and beyond.",,,,,,,,,,y,,"Camellia sinensis on evergrinipuina tunnettu pensas, joka tunnetaan parhaiten siitä, että siitä valmistetaan kaikki oikea tee, mukaan lukien vihreä, musta, valkoinen ja oolong tee. Sen nuoret lehdet ja kukinnot kerätään ja käsittelyssä eri tavoin luodakseen laajan valikoiman makuja ja juomia. Se on yksi maailman tärkeimmistä viljelykasveista.",,,,,,,"Camellia sinensis on evergrinipuina tunnettu pensas, joka on kotoisin Itä-Aasiasta ja on ollut viljelty tuhansia vuosia, erityisesti Kiinassa ja Intiassa. Se on ollut pitkään kulttuurisessa, lääketieteellisessä ja sosiaalisessa käytössä, ja tee, joka valmistetaan sen lehtien avulla, on ollut tärkeä osa kauppareittejä, perinteisiä seremonioita ja päivittäistä elämää monilla aasialaisilla yhteisöillä ja laajemminkin.",,,,,,,,,,
Colchicum autumnale,,Autumn crocus,Myrkkysahrami,K-24-4 	VILLIYTYNEITÃ„ PUUTARHAKASVEJA,24569,K-24-4 	VILLIYTYNEITÃ„ PUUTARHAKASVEJA,1,See under tags,,,,,,,,,,,,,,,,Strongly resembles edible herbs; extremely toxic to humans.,,,,,,,,,,,,,,,,,,,Vahvasti muistuttaa syötäviä kasveja; erittäin myrkyllistä ihmisille.,,,,
Campanula rotundifolia,,Harebell,Kissankello,K-16-1 	CA-/ULTRAEMÃ„KSINEN KALLIO,4572,K-16-1 	CA-/ULTRAEMÃ„KSINEN KALLIO,1,,,,,,,,"Campanula rotundifolia blooms from summer into early autumn, producing small, nodding bell-shaped flowers in shades of blue to violet. The flowers appear on thin, upright stems and give the plant a light, scattered flowering pattern across open habitats.",,,,,,"Campanula rotundifolia is native to large parts of Europe, North America, and Asia. It grows naturally in grasslands, coastal areas, rocky slopes, and open forests, especially in nutrient-poor, well-drained soils.","Campanula rotundifolia provides nectar for bees, butterflies, and other insects. Its long flowering period makes it a reliable food source for pollinators in wild meadows and natural grassland ecosystems.","Campanula rotundifolia is a hardy perennial that tolerates poor soils, wind, and cold climates. It thrives in open, exposed habitats where many other flowering plants struggle, making it well adapted to harsh natural environments.",,,"Campanula rotundifolia has a subtle visual presence, with thin stems and small blue bell-shaped flowers that stand out most when growing in groups across open grasslands and rocky areas.",,y,,,,,,"Campanula rotundifolia kukkii kesästä alkukesään tuottamalla pieniä, kellomuotoisia kukkia sinisistä ja violetistä väreistä. Kukat ilmestyvät ohuilla, pystyssä kasvavilla varresta ja antavat kasvulle kevyen, hajallaan kukkivan ilmeen avoimissa asemissa.",,,,,,"Campanula rotundifolia on kotoisin suurilta osilta Euroopasta, Pohjois-Amerikasta ja Aasiasta. Se kasvaa luonnostaan laidunmailla, rannikoilla, kalliosoluilla ja avoimissa metsissä, erityisesti niillä alueilla, joissa maaperä on niukka, hyvin juotava ja hyvin hiekkainen.","Campanula rotundifolia tarjoaa mehutuotteita hyönteisille, kuten mehiläisille, perhosille ja muille hyönteisille. Pitkä kukkivakausi tekee siitä luotettavan ravinnonlähteen hyönteisille avoimissa laidunmailla ja luonnonmukaisissa ruohikkoalueilla.","Campanula rotundifolia on kestävä monivuotinen kasvi, joka kestää huonolaatuisia maaperiä, tuulta ja kylmää ilmastoa. Se kukoistaa avoimissa, altistuneissa asemissa, joissa monet muut kukkivat kasvit eivät kestä, mikä tekee siitä hyvin soveltuvan kovaan luontoon.",,,"Campanula rotundifolia on näyttävän vaalea, sen pystyvarret ovat ohut ja pienet siniset kellomuotoiset kukat, jotka näyttävät parhaalta ryhmissä avoimilla ruohikentillä ja kallioalueilla.",,
Capsicum annuum 'Cayenne',,Cayenne pepper,cayennepippuri,Hyötypuutarha greenhouse,,,1,,,,"Capsicum annuum 'Cayenne' is a cultivar of chili pepper grown for its long, slender, bright red fruits. The peppers are valued for their spicy flavour and are commonly used fresh, dried, or ground into cayenne pepper, a popular seasoning in cuisines around the world.",,,,,,,"Capsicum annuum originated in Central and South America, where chili peppers were domesticated over 6,000 years ago. Following the voyages of the late 15th century, they spread rapidly across Europe, Africa, and Asia, becoming an essential ingredient in many of the world's cuisines.",,,,,,,,,"Capsicum annuum 'Cayenne' gets its heat from capsaicin, a natural compound that deters mammals from eating the fruit while not affecting birds, which help disperse the seeds. This adaptation has contributed to the widespread success of chili peppers in nature.",y,,"Capsicum annuum 'Cayenne' on chilijalostuma, joka tunnetaan pitkistä, ohuista, kirkkaan punaisista hedelmistään. Hedelmiä arvostetaan makeasta makuistaan ja ne käytetään yleisesti raakoina, kuivattuina tai mausteksi, jota käytetään laajasti maailman keittiöissä.",,,,,,,"Capsicum annuum alkoi keskisessä ja eteläisessä Amerikassa, missä chilijalostumia kasvatettiin noin 6 000 vuotta sitten. 1500-luvun lopulla tehtyjen matkustusten jälkeen ne levisivät nopeasti Eurooppaan, Afrikkaan ja Aasiaan, ja ne tuli oleellinen osa monien maailman keittiöiden.",,,,,,,,,"Capsicum annuum 'Cayenne' saa kuumuutensa kapsaisiinista, luonnostaan olevasta yhdistelmästä, joka estää nisäkkäitä syömästä hedelmää, mutta ei vaikuta lintuihin, jotka avustavat siemenen levittämistä. Tämä sopeutuminen on ollut yksi chilijalostumien laajasta menestyksestä luonnossa.",
Convallaria majalis,,Lily of the valley,Kielo,H-11 	TUOKSUAINEKASVIT,695,H-11 	TUOKSUAINEKASVIT,2,See under tags,,,,,,,,,,,,,,,,Familiar fragrant plant with red berries; highly toxic to humans and pets.,,,,,,,,,,,,,,,,,,,"Tunnustettu tuoksuvaa kasvia, jolla punaisia marjoja; erittäin myrkyllistä ihmisille ja eläimille.",,,,
Ceratonia siliqua,Fabaceae,Carob tree,Johanneksenleipäpuu,G-HD 	TALVISAT. L. VÃ„LIMEREN ILMASTOALUE,3544,G-HD 	TALVISAT. L. VÃ„LIMEREN ILMASTOALUE,1,,x -157.03  y -3.19,,"Ceratonia siliqua, commonly known as carob, is an evergreen Mediterranean tree cultivated as a crop for its long pods. It is grown in dry regions and valued for its ability to produce food and feed products in poor, rocky soils.","Ceratonia siliqua produces edible pods with sweet pulp and hard seeds. The pulp is eaten fresh or ground into powder, often used as a natural sweetener and chocolate substitute in baking, drinks, and traditional foods.",,,,,,Ceratonia siliqua has been cultivated for thousands of years in the Mediterranean region. Its pods were historically used as food for people and livestock and later became important in trade as a natural sweet ingredient.,,,,,"Ceratonia siliqua is highly drought-tolerant and well adapted to dry, rocky soils. Its deep root system allows it to survive harsh Mediterranean climates, making it a reliable crop in regions with limited water availability.",,,,,y,,"Ceratonia siliqua, jota kutsutaan yleisesti karamelliksi, on evergrininen Välimeren puu, jota kasvatetaan viljeltyä kasvina pitkille kuorille. Se kasvaa kuivilla alueilla ja arvostetaan kyvystään tuottaa ruokaa ja rehukelpoisia tuotteita huonossa, kallioisessa maaperässä.","Ceratonia siliqua tuottaa syötäviä kuoria makealla palkilla ja kovilla siemenillä. Palkki syödään raakoina tai maustetaan jauheeksi, jota käytetään yleisesti luonnollisena makeutusaineena ja suklaan korvikkeena leivonnaisissa, juomissa ja perinteisissä ruokailuissa.",,,,,,"Ceratonia siliqua on kasvatettu tuhansia vuosia Välimeren alueella. Kuoria käytettiin historiallisesti ruokana ihmisille ja eläimille, ja myöhemmin ne tuli tärkeäksi kaupankäynnin kohteeksi luonnollisena makeutusaineena.",,,,,"Ceratonia siliqua on hyvin kuivuustolerantti ja sopeutunut kuiville, kallioisille maaperille. Sen syvä juuristo sallii sen selviytymisen ankarammilla Välimeren ilmastoilla, joten se on luotettava viljelykasvi alueilla, joilla vettä on rajoitettu.",,,,,
Cerbera odollam,,Suicide tree,Itsemurhapuu,G-HA TROOPPINEN HUONE,,G-HA TROOPPINEN HUONE,1,,,,,,,,,,,"Cerbera odollam is a tropical tree native to South and Southeast Asia, often found in coastal forests and mangrove areas. Historically, it has been associated with both accidental and intentional poisonings in regions such as India and Madagascar, giving it a notable place in local folklore and historical records.",,,,,,"Cerbera odollam, commonly known as the suicide tree, is highly dangerous because it produces seeds containing powerful cardiac toxins called cerberin. These compounds interfere with heart function and can be fatal if ingested, even in small amounts. All parts of the plant are considered toxic, despite its attractive appearance and fragrant flowers.",,,,y,,,,,,,,,"Cerbera odollam on trooppinen puu, joka on kotoisin Etelä- ja Kaakkois-Aasiasta, ja sitä tavataan yleisesti rannikkometsissä ja mangrovealueilla. Se on historiallisesti liittynyt sekä sattumanvaraiseen että tahallisesti tapahtuneisiin myrkytyksiin alueilla kuten Intiassa ja Madagaskarissa, joten se on saanut mainetta paikallisessa kansanperinteessä ja historiallisissa kirjoituksissa.",,,,,,"Cerbera odollam, jota kutsutaan yleisesti itsemurhakasviksi, on erittäin vaarallinen, koska sen siemenet sisältävät voimakkaita sydänmyrkyksiä nimeltä cerberiini. Näitä yhdisteitä häiritsee sydänkäyttäytymistä, ja ne voivat olla kuolemaa aiheuttavia, vaikka niitä syödään pieninä määrinä. Kasvin kaikki osat ovat myrkyllisiä, vaikka se on kaunis ulkonäöllä ja tuoksuu hienosti.",,,,
Cercidiphyllum japonicum,,Katsura tree,(pikkulehti)katsura,G-HE 	LAUHKEA,,,1,,,,,,,,,"As the leaves fall in autumn, Cercidiphyllum japonicum releases a distinctive sweet scent often compared to caramel, burnt sugar, or cotton candy. This unusual fragrance is one of the tree's most celebrated characteristics.",,"Cercidiphyllum japonicum has been cultivated in Japan for centuries and was introduced to Europe during the 19th century through botanical expeditions. Today it is widely planted in parks and arboretums, where it is admired for its exceptional autumn colour and distinctive fragrance.",,,,,,,yes,"Cercidiphyllum japonicum, native to Japan and China, has heart-shaped leaves that emerge reddish-purple in spring, turn blue-green in summer, and develop brilliant yellow, orange, and red colours in autumn. Its seasonal foliage makes it one of the finest ornamental trees for autumn colour.",,y,,,,,,,"Kun lehdet putoavat syksyllä, Cercidiphyllum japonicum vapauttaa erityisen makean tuoksun, jota verrataan karamelliin, polttamiseen tai sokeriin. Tämä epätavallinen tuoksu",,"Cercidiphyllum japonicum on ollut kasvatettu Japanissa vuosisatoja ja se tuotiin Eurooppaan 19. vuosisadalla kasvitieteellisillä retkillä. Nykyään se on laajasti kasvatettu puistoissa ja arboretumeissa, missä se arvostellaan erityisesti syysvärinsä ja erikoisen tuoksunsa vuoksi.",,,,,,,Kyllä,"Cercidiphyllum japonicum on kotoisin Japanista ja Kiinasta, ja sen lehdet ovat sydänmuotoisia. Niiden alkuperäinen väri on punertavan purppuranväristä, kesäisin ne muuttuvat sinertävän vihreiksi, ja syksyisin ne kehittyvät loisteliaita keltaisia, oransseja ja punaisia värejä. Kausivärisyys tekee siitä yhtenä kauneimmista koristepuista syysvärisyden vuoksi.",,
Crassula Ovata,,Jade plant,Rahapuu,,2394,G-HF 	SUKKULENTIT,1,,,,,,,,,,,,"Crassula ovata is a classic indoor succulent with thick, glossy jade-green leaves and a naturally branching, tree-like form. Its sculptural shape and slow growth make it a long-lasting houseplant often lasting 50-100 years.",,,,,,,,,,,,,,,,,,,"Crassula ovata on klassinen sisäkasvi, jolla on paksut, kiiltävän jade-vihreät lehdet ja luonnollisesti haarautuva, puumainen muoto. Sen skulptuurinen muoto ja hitaakasvu tekevät siitä pitkäikäisen sisäkasvin, joka kestää usein 50-100 vuotta.",,,,,,,,,
Crotalaria spp.,,Rattlepod,Rättikasvi,#N/A,,,1,See under tags,,,,,,,,,,,,,,,,Seed pods resemble edible legumes; toxic compounds harmful to humans and animals.,,,,,,,,,,,,,,,,,,,"Siemenpussit muistuttavat syötävää pähkinää; niissä on myrkyllisiä aineita, jotka ovat haitallisia ihmisten ja eläinten terveydelle.",,,,
Cereus jamacaru 'Monstrosus',,Monstrose mandacaru cactus,Sinikalliokaktus,G-HF 	SUKKULENTIT,5135,G-HF 	SUKKULENTIT,1,,x -155.12  y -7.84,,,,,,,,,,"Cereus jamacaru 'Monstrosus', originating from the Brazilian species Cereus jamacaru, is grown as a houseplant for its unusual sculptural form. It thrives in bright light, requires well-drained soil, and needs only occasional watering.",,,,"Cereus jamacaru 'Monstrosus' stores water in its thick stems, allowing it to tolerate long periods of drought. It is a durable cactus that requires little maintenance when provided with plenty of sunlight.",,,,"Cereus jamacaru 'Monstrosus' is a monstrose cultivar, meaning its stems grow in irregular, unpredictable shapes rather than the straight columns of the wild species. No two plants develop exactly alike, making each specimen unique.",y,,,,,,,,,,"Cereus jamacaru 'Monstrosus', joka on peräisin brasilialaisesta lajista Cereus jamacaru, kasvatetaan sisäkasviksi sen epätavallisen skulptuurisen muodon vuoksi. Se kestää hyvin valoa, vaatii hyvin puhdistettua maata ja tarvitsee vain harvoin vesityötä.",,,,"Cereus jamacaru 'Monstrosus' säilyttää vettä paksuissa oksissaan, mikä mahdollistaa pitkiä kuivuusjaksoja. Se on kestävä kaktus, joka vaatii vähän huoltoa, kun se on saatu tarpeeksi valoa.",,,,"Cereus jamacaru 'Monstrosus' on monstrose-lajike, mikä tarkoittaa, että sen oksat kasvavat epätavallisen muodon sijaan suoraan, säännöllisesti. Ei kaksi kasvia kehity eri tavoin, mikä tekee jokaisen yksilön yksilölliseksi.",
Cycas revoluta,,Sago palm,Käpypalmu,G-HB 	KESÃ„SATEIDEN ALUE,4919,G-HB 	KESÃ„SATEIDEN ALUE,1,See under tags,,,,,,,,,,,,,,,,"Popular ornamental palm-like plant; highly toxic, especially to pets.",,,,,,,,,,,,,,,,,,,"Populaarinen koristekasvi, joka muistuttaa palmua; erityisen myrkyllinen, erityisesti eläimille.",,,,
Chaenomeles japonica,,Japanese quince,japaninruusukvitteni,P-A 	,13452,P-A 	,1,,,,,,,Chaenomeles japonica originates from East Asia and is grown in Finland as an ornamental and fruiting shrub. It is not native but is widely used in gardens for its early flowering and decorative fruits.,"Chaenomeles japonica produces vivid orange to red flowers in early spring, often appearing before the leaves fully develop. The blooms are densely packed along the branches and create a strong seasonal display.",,"Chaenomeles japonica produces small, yellow, apple-like fruits in autumn. The fruits are very hard and sour when raw but can be used after processing in jams, jellies, and preserves.",,,,,,,,,,,y,,,,,"Chaenomeles japonica on kotoisin Itä-Aasiasta ja kasvatetaan Suomessa koristekasvina ja hedelmäkasvina. Se ei ole kotoisin, mutta se on laajasti käytetty puutarhoissa sen varhaisen kukinnan ja koristehedelmien vuoksi.","Chaenomeles japonica tuottaa voimakasta syksyistä kausivärisydestä, jonka aikana se tuottaa kirkkaan oranssin ja punertavan värisiä kukkia. Niitä on tiiviisti kasvettu oksilla, mikä luodaan voimakas kausivärisyden näyttävyys.",,"Chaenomeles japonica tuottaa pieniä, keltaisia, omenanmuotoisia hedelmiä syksyllä. Hedelmät ovat hyvin kovia ja hapania raakana, mutta ne voidaan käyttää jälkiruoissa, kuten marmeladissa, jellissä ja konservoissa.",,,,,,,,,,,
Chamaedorea elegans,,Parlor palm,vuoripalmu,G-HA 	TROOPPINEN HUONE,2649,G-HA 	TROOPPINEN HUONE,1,,,,,,,,,,,,"The Parlor Palm adds timeless elegance to indoor spaces with its delicate, feathery fronds and compact form. Its lush tropical appearance softens any room while thriving with minimal care",,,,,,,,,y,,,,,,,,,,"Salongipalmi tuo aikamaton kauneuden sisätiloihin sen pehmeiden, höyhenmäisten lehtien ja kompaktin muodon ansiosta. Sen runsas trooppinen ulkonäkö pehmentää minkä tahansa huoneen ja kestää vähäistä huolenpitoa.",,,,,,,,,
Daphne mezereum,,Mezereon,Näsiä,K-6-2 	TUORE JA KOSTEA LEHTO,772,K-6-2 	TUORE JA KOSTEA LEHTO,1,See under tags,,,,,,,,,,,,,,,,Beautiful pink flowers and red berries; extremely poisonous to humans.,,,,,,,,,,,,,,,,,,,Kaunis pinkkiä kukkia ja punaisia marjoja; erittäin myrkyllisiä ihmisille.,,,,
Datura spp.,,Thorn apple,Hulluruoho,#N/A,,,1,See under tags,,,,,,,,,,,,,,,,Contains psychoactive toxins; highly dangerous to humans.,,,,,,,,,,,,,,,,,,,Sisältää psykoaktiivisia myrkkyjä; erittäin vaarallisia ihmisille.,,,,
Datura stramonium,,Thorn apple,Hulluruoho,L-O 	LÃ„Ã„KEKASVI OSASTO,53942,L-O 	LÃ„Ã„KEKASVI OSASTO,2,See under tags,,,,,,,,,,,,,,,,Unusual spiky fruit draws attention; extremely toxic to humans.,,,,,,,,,,,,,,,,,,,Epätavallinen piikkinen hedelmä saa huomiota; erittäin myrkyllistä ihmisille.,,,,
Delphinium spp.,,Larkspur,Ritarinkannus,#N/A,,,1,See under tags,,,,,,,,,,,,,,,,"Tall, colourful flowers; toxic to humans and animals.",,,,,,,,,,,,,,,,,,,"Korkea, värikäs kukka; myrkyllistä ihmisille ja eläimille.",,,,
Chenopodium quinoa,,quinoa,kvinoa,Hyötypuutarha,,,1,,,,"Chenopodium quinoa is cultivated as a grain crop grown for its edible seeds. It thrives in high-altitude regions of South America and produces small, nutrient-rich seeds that are harvested after the flowering and drying of the plant.","Chenopodium quinoa produces edible seeds that are cooked and eaten like grains. They are valued for their mild flavour and high nutritional content, and are used in salads, porridges, and a wide variety of modern dishes worldwide.",,,,,,Chenopodium quinoa has been cultivated for thousands of years in the Andean region of South America. It was a staple food for ancient civilizations such as the Incas and remains an important traditional and modern crop today.,,,,,,,,,,y,,"Chenopodium quinoa kasvatetaan viljelykasviksi sen syötäviksi siitepölyksiä. Se kasvaa korkealla alueella Etelä-Amerikassa ja tuottaa pieniä, ravitsevia siitepölyjä, jotka kerätään kasvin kukkimisen ja kuivumisen jälkeen.","Chenopodium quinoa tuottaa syötäviä siitepölyjä, jotka valmistetaan ja syödään kuten viljaa. Ne arvostellaan miedon makunsa ja korkean ravitsemusten sisällön vuoksi, ja ne käytetään salaatissa, porridgeissa ja laajalla alueella modernissa ruoassa maailmalla.",,,,,,"Chenopodium quinoa on kasvatettu tuhansia vuosia Etelä-Amerikan Andien alueella. Se oli muinaisten sivilisaatioiden perustuotteena, kuten inkakulttuurin, ja on tärkeä perinteinen ja nykyinen viljelykasvi tänään.",,,,,,,,,,
Cinnamomum zeylanicum,,True cinnamon,Aitokaneli,G-HA 	TROOPPINEN HUONE,48854,G-HA 	TROOPPINEN HUONE,1,,x -126.68  y 14.69,"Cinnamomum zeylanicum is highly aromatic due to its inner bark, which releases a sweet, warm scent when dried or ground. This fragrance is a key reason for its use in flavourings, teas, perfumes, and culinary applications.","Cinnamomum zeylanicum, commonly known as Ceylon cinnamon, is an evergreen tree cultivated as a spice crop. It is grown in tropical climates, especially in Sri Lanka and southern India, for its aromatic inner bark used in food production.","Cinnamomum zeylanicum produces edible spice from its dried inner bark, which is rolled into cinnamon sticks or ground into powder. It is used worldwide in cooking, baking, and beverages for its sweet, mild, and aromatic flavour.",,,,,,Cinnamomum zeylanicum has been cultivated for thousands of years in Sri Lanka and southern India. It was an important spice in ancient trade networks and remains historically significant in global cuisine and traditional medicine.,,,,,,,,,,y,"Cinnamomum zeylanicum on hyvin hajusteinen sen sisäpuolen oksan vuoksi, joka vapauttaa makean, lämmintä tuoksua kuivatessa tai murskautuessa. Tämä tuoksu on tärkeä syy sen käyttöön maustein, teissä, parfyumeissa ja ruoanvalmistuksessa.","Cinnamomum zeylanicum, jota kutsutaan yleisesti Ceylonin kaneliksi, on kausi- ja kookospalmu, joka kasvatetaan maustekasviksi. Se kasvaa trooppisissa ilmastoissa, erityisesti Sri Lankassa ja etelä-Intiassa, sen hajusteisen sisäpuolen oksan vuoksi, jota käytetään ruoanvalmistuksessa.","Cinnamomum zeylanicum tuottaa syötävää maustetta sen kuivattujen sisäpuolen oksien vuoksi, jotka roikotetaan kanelirippeiksi tai murskataan jauheeksi. Se käytetään maailmanlaajuisesti ruoanvalmistuksessa, leivonnassa ja juomissa sen makean, miedon ja hajusteisen makuun.",,,,,,Cinnamomum zeylanicum on kasvatettu tuhansia vuosia Sri Lankassa ja etelä-Intiassa. Se oli tärkeä mauste muinaisten kaupan verkoissa ja on historiallisesti merkittävä maailmanruokakulttuurissa ja perinteisessä lääketieteessä.,,,,,,,,,,
Digitalis purpurea,,Foxglove,Sormustinkukka,K-24-4 	VILLIYTYNEITÃ„ PUUTARHAKASVEJA,48899,K-24-4 	VILLIYTYNEITÃ„ PUUTARHAKASVEJA,1,See under tags,,,,,,,,,,,,,,,,Tall ornamental flowers widely admired; contains powerful cardiac toxins dangerous to humans.,,,,,,,,,,,,,,,,,,,"Korkeita koristekukkia, joissa on voimakkaita sydänlihastuotteita, jotka ovat vaarallisia ihmisille.",,,,
Digitalis spp.,,Foxglove,Sormustinkukka,#N/A,,,1,See under tags,,,,,,,,,,,,,,,,Strong cardiac toxins – dangerous to humans and pets even in small amounts.,,,,,,,,,,,,,,,,,,,"Voimakkaita sydänlihastuotteita, jotka ovat vaarallisia myös pienissä määrissä ihmisille ja eläimille.",,,,
Citrus aurantium,,bitter orange,Pomeranssi,G-HB 	KESÃ„SATEIDEN ALUE,,,1,,x -156.70  y -1.85,"Citrus aurantium is prized for its intensely fragrant flowers, leaves, and peel. Their essential oils are used to produce neroli oil, petitgrain oil, and orange blossom water, making the plant an important source of natural fragrances.",,"Citrus aurantium is widely used to make marmalade, candied peel, orange blossom water, and flavourings. Although the fruit is too bitter to eat fresh for most people, it is highly valued in cooking and confectionery.",,,,,"Citrus aurantium, native to Southeast Asia, produces round orange fruits with a thick, aromatic peel and sour, bitter flesh. The fruits are harvested mainly for processing rather than eating fresh.",,,"Citrus aurantium has been used in traditional medicine for centuries, particularly its peel and flowers. Today, extracts are also used in herbal remedies and dietary supplements, though their effectiveness and safety are still being researched.",,,,,,,,y,"Citrus aurantium on arvostettu sen intensiivisesti tuoksuvat kukat, lehdet ja kuori. Niiden peräisin olevat oljepitoiset aineet käytetään neroliöljyn, petitgrainöljyn ja oranssin kukkien veden valmistukseen, tekemällä kasvista tärkeän luonnon tuoksuaineiden lähde.",,"Citrus aurantium on laajasti käytetty marmeladin, kandysokerin, oranssin kukkien veden ja mausteen valmistukseen. Vaikka hedelmä on liian katkera syötäväksi pääosin, se on arvostettu ruoanlaitossa ja makeisissa.",,,,,"Citrus aurantium on alkuperäisesti Kaakkois-Aasiasta kotoisin oleva kasvi, joka tuottaa pyöreitä oranssia hedelmiä, jotka ovat paksulla, tuoksuvoimaisella kuorella ja happamalla, katkeralla sisällöllä. Hedelmiä käytetään pääosin prosessointiin eikä niitä syödä suoraan.",,,"Citrus aurantium on ollut perinteisessä lääketieteessä käytössä vuosisatoja, erityisesti sen kuorta ja kukkia käytetään. Nykyään, eritteitä käytetään myös luonnonparantolääkkeissä ja ravitsemuslisäkkeissä, vaikka niiden tehokkuus ja turvallisuus tutkitaan edelleen.",,,,,,,,
Dracaena fragrans,,Corn plant,Tuoksutraakkipuu,G-HA 	TROOPPINEN HUONE,2955,G-HA 	TROOPPINEN HUONE,1,See under tags,,,,,,,,,,,,,,,,Widely used indoor plant; ingestion harmful mainly for pets.,,,,,,,,,,,,,,,,,,,Laajasti käytetty sisäkasvi; myrkkyllisyys vaarantaa pääasiassa eläimiä.,,,,
Dracaena sanderiana,,Lucky bamboo,onnenbambu,#N/A,,,1,,,,,,,,,,,,"Smooth green stems and narrow upright leaves create a calm, minimal look, and the plant is interesting for how often stem training and shaping are used in decorative culture.",,,,,,,,,,,,,,,,,,,"Suoraan vihreät rungot ja kapeat, pysty lehdet luovat rauhallisen, minimalistisen ilmeen, ja kasvia on kiinnostavaa, miten usein runkojen kouluttaminen ja muotoilu käytetään koristekulttuurissa.",,,,,,,,,
Citrus limon,,Lemon,Sitruuna,G-HD 	TALVISAT. L. VÃ„LIMEREN ILMASTOALUE,54040,G-HD 	TALVISAT. L. VÃ„LIMEREN ILMASTOALUE,1,,x -156.31  y -2.23,,"Widely cultivated across tropical and subtropical regions, the lemon is an important fruit crop valued for its vitamin-rich, acidic fruit, used fresh, in cooking, beverages, food preservation, and countless commercial products.","The fruit of Citrus limon is edible and used in food and drinks. The juice and pulp are eaten fresh or added to dishes, sauces, and beverages. The peel is also used in cooking, while the leaves can be used to make herbal tea.",,,"Lemon trees produce small white blossoms that appear in clusters before fruit forms. The flowers are visually appealing and attract pollinators, playing an important role in the development of lemons through successful pollination.",,"Lemon trees produce edible yellow fruits that grow after successful pollination of flowers. These fruits are oval shaped, sour, and rich in citric acid, making them widely used in cooking, drinks, and natural flavor enhancement.",,,,,,,,,,,y,,"Lemppareita kasvaa laajasti trooppisissa ja subtrooppisissa alueilla, ja lemmen on tärkeä hedelmäkasvi, joka arvostetaan sen vitamiinituotteista, happamasta hedelmästä, jota käytetään raakana, ruoanlaitossa, juomissa, ruoan säilöntässä ja lukuisissa kaupallisissa tuotteissa.","Citrus limonin hedelmän voi syödä ja käyttää ruoassa ja juomissa. Hedelmän maito ja kuori syödään raakana tai lisätään ruokiin, sahausiin ja juomiin. Kuorta käytetään myös ruoanlaitossa, kun taas lehtiä voidaan käyttää luonnonherbalistin tee valmistukseen.",,,"Lemppareiden tuottamat pienet valkoiset kukat ilmestyvät ryhmissä hedelmän muodostumista ennen. Kukat ovat visuaalisesti miellyttäviä ja vetävät hyönteisiä, ja ne ovat tärkeitä lemmen kehityksessä onnistuneen hedelmöityksen avulla.",,"Lemppareiden tuottamat syötävät keltaiset hedelmät kasvavat onnistuneen hedelmöityksen jälkeen. Hedelmät ovat munuaismuotoisia, happamia ja rikkaasti sitruunahappoa sisältäviä, ja ne ovat laajasti käytettyjä ruoanlaitossa, juomissa ja luonnollisessa mausteen lisäämisessä.",,,,,,,,,,,
Dracaena trifasciata ‘Laurentii’ (syn. Sansevieria trifasciata),,Snake plant ‘Laurentii’,anopinkieli ‘Laurentii’,#N/A,,,1,,,,,,,,,,,,"Upright, sword-like leaves are edged in yellow, and the sharp vertical lines create a strong contrast with softer foliage plants while clearly showing the plant’s water-saving design.",,,,,,,,,,,,,,,,,,,"Uroska, kaksineuvoisen lehtien kärki on keltainen, ja kärjen voimakas kontrasti pehmeiden kasvien kanssa näyttää kasvin vesitaloussuunnittelun.",,,,,,,,,
Dracaena trifasciata ‘Zeylanica’ (syn. Sansevieria trifasciata),,Snake plant ‘Zeylanica’,anopinkieli ‘Zeylanica’,#N/A,,,1,,,,,,,,,,,,"Darker banding runs across stiff upright leaves, and the muted pattern gives the plant a more restrained, graphic appearance than brightly edged cultivars.",,,,,,,,,,,,,,,,,,,"Raskas vyö on jyrkkien, pystyssä olevien lehtien yli, ja hiljainen malli antaa kasville vahvemman, graafisen ulkonäön kuin kirkkaasti reunustetuilla muunnelmilla.",,,,,,,,,
Duranta erecta,,Golden dewdrop,Duranta,#N/A,,,1,See under tags,,,,,,,,,,,,,,,,Decorative purple flowers and orange berries; berries are toxic to humans and pets.,,,,,,,,,,,,,,,,,,,Koristepunaiset violetit kukat ja oranssit hedelmät; hedelmät ovat myrkyllisiä ihmisille ja eläimille.,,,,
Citrus sinensis,,sweet orange,Appelsiini,G-HD 	TALVISAT. L. VÃ„LIMEREN ILMASTOALUE,,,1,,,,,"Citrus sinensis produces juicy, sweet fruits that are eaten fresh or processed into juice, marmalade, desserts, and many other foods. They are an excellent source of vitamin C and are enjoyed worldwide.",,,,,"Citrus sinensis, native to southern China and Southeast Asia, is cultivated for its round orange fruits that ripen in warm climates. Sweet oranges are among the world's most widely grown and consumed fruits.","Citrus sinensis originated in Asia and spread westward through trade before becoming established around the Mediterranean. During the 15th and 16th centuries, Portuguese traders introduced sweet oranges to Europe, where they quickly became prized luxury fruits. Today, they are one of the world's most important fruit crops.",,,,,,,,,,y,,,"Citrus sinensis tuottaa makeita, hedelmäisiä hedelmiä, jotka syödään raakana tai jalostetaan juustoksi, marmeladiksi, päärynöiksi ja moniin muihin ruokiin. Ne ovat erinomaisia C-vitamiinin lähteitä ja nautitaan ympäri maailmaa.",,,,,"Citrus sinensis on kotoisin eteläisestä Kiinasta ja Kaakkois-Aasiasta, ja se kasvatetaan sen kiertävien, pyöreiden oranssien hedelmien vuoksi. Makuoranssit ovat yksi maailman laajasti kasvatettavista ja kulutettavista hedelmistä.","Citrus sinensis alkoi Aasiassa ja levisi länteen kaupankäynnin kautta ennen kuin se vakiintui Välimeren ympäristöön. 1500- ja 1600-luvuilla portugalilaiset kauppiaat esittivät makuoranssit Eurooppaan, missä ne nopeasti muuttuivat arvostetuiksi ylellisiksi hedelmiksi. Nykyään ne ovat yksi maailman tärkeimmistä hedelmien viljelykasveista.",,,,,,,,,,
Coffea arabica 'Catuai Amarelo',,Arabian coffee plant,kahvipensas,G-HA 	TROOPPINEN HUONE,50448,G-HA 	TROOPPINEN HUONE,1,,x -133.70  y 6.57,,"Coffea arabica ‘Catuai Amarelo’ is a cultivated coffee crop grown in tropical regions. It is a selected Arabica variety bred for improved yield and adaptability, widely planted in specialty coffee production systems.","Coffea arabica ‘Catuai Amarelo’ produces coffee cherries with seeds that are processed into coffee beans. These beans are roasted and brewed into coffee, valued for a balanced flavour profile and high-quality specialty cup potential.",,"Coffea arabica ‘Catuai Amarelo’ is considered an exotic cultivated variety, originally derived from Ethiopian Arabica lines but selectively bred in Brazil. Its yellow cherries make it visually distinctive among coffee cultivars.",,,,"Coffea arabica originates from Ethiopia and was later spread globally through trade and cultivation. Modern varieties like ‘Catuai Amarelo’ were developed in Brazil to improve yield, disease resistance, and agricultural performance.",,,,,,,,,,y,,"Coffea arabica ‘Catuai Amarelo’ on tropiikissa kasvatettava kahvinviljelykasvi. Se on valittu Arabica-tyyppi, joka on kehitetty parantamaan tuottoa ja sopeutuvuutta, laajasti kasvatettu erikoisviljelyjärjestelmissä.","Coffea arabica ‘Catuai Amarelo’ tuottaa kahvinpähkinät, jotka on jalostettu kahvinpähkinöistä. Näitä pähkinöitä käytetään kahvin valmistukseen, joka arvostetaan tasapainuisesta makuvalikoimasta ja korkeatasoisesta erikoisjuustosta.",,"Coffea arabica ‘Catuai Amarelo’ on katsottu eksotiiseksi kasvatettavaksi muunnelmaksi, joka on alun perin peräisin eteläisen Arabian Arabica-tyypistä, mutta valikoitu Brazyliassa. Sen keltaiset hedelmät tekevät siitä visuaalisesti erottuvan kahvinviljelykasvin joukossa.",,,,"Coffea arabica on kotoisin Etiopiasta ja sitä on myöhemmin levitetty maailmanlaajuisesti kaupankäynnin ja viljelyksen kautta. Nykyiset muunnelmat kuten ‘Catuai Amarelo’ kehitettiin Brazyliassa parantamaan tuottoa, tauti-kestävyyttä ja maataloustuottoa.",,,,,,,,,,
Ephedra distachya subsp. helvetica,Ephedraceae,Ephedra,Efedrat,L-O 	LÃ„Ã„KEKASVI OSASTO,17354,L-O 	LÃ„Ã„KEKASVI OSASTO,1,"Shrubs of arid regions containing alkaloids such as ephedrine, used medicinally but potentially harmful.",,,,,,,,,,,,,,,,,,,,,,,,,,,,,,,,,,,,,,,
Colocasia esculenta,,Taro,Taro,G-HA 	TROOPPINEN HUONE,10117,G-HA 	TROOPPINEN HUONE,1,,,,"Colocasia esculenta, commonly known as taro, is a tropical crop cultivated for its edible corms and leaves. It is widely grown in wet, irrigated fields in Asia and the Pacific, often in conditions similar to rice cultivation systems.","Colocasia esculenta produces a starchy edible corm and leaves that are consumed after proper cooking. The corm is used in soups, stews, and mash-like dishes, while the leaves are also eaten as a nutritious vegetable.",,,,,,"Colocasia esculenta has been cultivated for thousands of years in Asia and the Pacific as a staple food crop. It played a key role in traditional agriculture systems, especially in wetland farming and early irrigated cultivation methods.",,,,,,,"Colocasia esculenta is a warm-climate plant grown in tropical regions, often harvested after a full growing season in wet soils. Its growth is closely tied to water availability and warm temperatures rather than strict seasonal cycles.",,,y,,"Colocasia esculenta, jota kutsutaan yleisesti taroksi, on trooppinen viljelykasvi, jota kasvatetaan syötäviksi juuriksi ja lehdiksi. Se kasvatetaan laajasti kosteissa, päästävissä kentissä Aasiassa ja Tyynenmeren alueella, usein samanlaisten riisin viljelyjärjestelmien kanssa.","Colocasia esculenta tuottaa sokeripitoista syötävää juurikkaa ja lehtiä, jotka syödään oikein valmistettuna. Juurikkaa käytetään keittoihin, paistoihin ja pannukakkiin, kun taas lehtiä syödään myös ravitsemavaksi kasviksena.",,,,,,"Colocasia esculenta on ollut tuhansia vuosia kasvatettuna Aasiassa ja Tyynenmeren alueella pääasiallisena ruokakasvina. Se on ollut keskeinen osa perinteisiä maatalousjärjestelmiä, erityisesti kosteikkojen viljelyssä ja varhaisessa pelloilla olevassa viljelymenetelmässä.",,,,,,,"Colocasia esculenta on lämpimän ilmaston kasvi, jota kasvatetaan trooppisissa alueissa, usein koko kasvukauden jälkeen kosteissa maaperässä. Sen kasvu on tiukasti sidottu veden saatavuuteen ja lämpimään säähän eikä ole sidottu tiukkaan kausikyklyyn.",,,
Epipremnum aureum ‘Neon’,,Neon pothos,neonkultaköynnös,#N/A,,,1,,,,,,,,,,,,"The clear lime-green foliage glows in indoor light, and the uniform color gives the plant a bright, modern look that contrasts strongly with darker-leaved companions.",,,,,,,,,,,,,,,,,,,"Selkeä limemarinoitunut vihreä lehtimassa loistaa sisävalossa, ja yhtenäinen väri antaa kasvulle kirkas, nykyaikaisen ulkonäön, joka kontrastoi voimakkaasti tummemman lehtien kanssa.",,,,,,,,,
Erythrina spp.,,Coral tree,Korallipuu,#N/A,,,1,See under tags,,,,,,,,,,,,,,,,Bright red flowers and seed pods; seeds are toxic.,,,,,,,,,,,,,,,,,,,Vahva punainen kukka ja siitepöly; siemenet ovat myrkyllisiä.,,,,
Euonymus europaeus,,Spindle tree,Sukkapuu,P-B 	,27201,P-B 	,1,See under tags,,,,,,,,,,,,,,,,Bright pink fruits visually striking; toxic to humans.,,,,,,,,,,,,,,,,,,,Vahva pinkki hedelmä näyttää erittäin vaikuttavalta; on myrkyllistä ihmisille.,,,,
Euphorbia milii,,Crown of thorns,Piikkikruunu,G-HF 	SUKKULENTIT,914,G-HF 	SUKKULENTIT,1,See under tags,,,,,,,,,,,,,,,,"Attractive flowers and structure; sap causes strong irritation, toxic if ingested.",,,,,,,,,,,,,,,,,,,"Kaunis kukka ja rakenne; sapeli aiheuttaa voimakasta ärsytystä, myrkyllistä jos syödään.",,,,
Euphorbia pulcherrima,,Poinsettia,Joulutähti,G-HA 	TROOPPINEN HUONE,34949,G-HA 	TROOPPINEN HUONE,1,See under tags,,,,,,,,,,,,,,,,Festive appearance; sap irritates and ingestion affects pets.,,,,,,,,,,,,,,,,,,,Juhlapäivän näköinen; sapeli ärsyttää ja syöminen vaikuttaa eläimiin.,,,,
Euphorbia tirucalli,,Pencil cactus,Maitopensas,G-HF 	SUKKULENTIT,55632,G-HF 	SUKKULENTIT,1,See under tags,,,,,,,,,,,,,,,,Minimalist appearance; milky sap causes severe skin and eye irritation.,,,,,,,,,,,,,,,,,,,Minimalistinen ulkonäö; maitomainen sapeli aiheuttaa vakavaa iho- ja silmäärsytystä.,,,,
Ficus benjamina,,Weeping fig,Viikunapuu,G-HA 	TROOPPINEN HUONE,2491,G-HA 	TROOPPINEN HUONE,1,See under tags,,,,,,,,,,,,,,,,Common indoor tree; sap may cause irritation and mild pet toxicity.,,,,,,,,,,,,,,,,,,,Yleinen sisäpuutarha; sapeli voi aiheuttaa ärsytystä ja lievää eläinten myrkyllisyyttä.,,,,
Ficus carica,Moraceae,Common fig,Aitoviikuna,G-HD 	TALVISAT. L. VÃ„LIMEREN ILMASTOALUE,4299,G-HD 	TALVISAT. L. VÃ„LIMEREN ILMASTOALUE,1,"One of the oldest cultivated fruit trees, producing edible figs that develop inside a unique enclosed structure.",,,,,,,,,,,,,,,,,,,,,,,,,,,,,,,,,,,,,,,
Ficus elastica,,Rubber plant,Kumiviikuna,G-HA 	TROOPPINEN HUONE,2489,G-HA 	TROOPPINEN HUONE,1,See under tags,,,,,,,,,,,,,,,,Glossy leaves suggest harmlessness; sap irritates skin and affects pets.,,,,,,,,,,,,,,,,,,,Kiiltävät lehdet eivät vakuuta haitallisuudesta; sapeli ärsyttää ihoa ja vaikuttaa eläimiin.,,,,
Columnea gloriosa,,goldfish plant,loistotuliköynnös,G-HA 	TROOPPINEN HUONE,9066,G-HA 	TROOPPINEN HUONE,1,,,,,,,,"Columnea gloriosa, known as the goldfish plant, produces bright orange-red tubular flowers that hang from trailing stems. The blooms resemble small fish and usually appear in warm, bright indoor conditions.",,,,"Columnea gloriosa is a tropical epiphyte from Central and South America. It is grown indoors for its cascading growth and unusual flower shape. It prefers warm, humid conditions and is often kept in hanging pots where its trailing stems can spread freely.",,,,,Contains calcium oxalate crystals; causes irritation in humans and pets.,,,,y,,,,,,"Columnea gloriosa, joka tunnetaan kultakala kasvina, tuottaa kirkkaan oranssinpunaisia tubulaarikukkia, jotka ojentuvat oksien päästä. Kukat muistuttavat pieniä kaloja ja ne ilmestyvät yleensä lämmintä ja kirkkaassa sisätilassa.",,,,"Columnea gloriosa on trooppinen epifyytti Keski- ja Etelä-Amerikasta. Se kasvatetaan sisällä sen kaskaisesta kasvusta ja epätavallisen kukkamallista. Se suosii lämpimiä, kosteita olosuhteita ja on usein pidetty riippuvissa pöydissä, jossa sen oksat voivat levitä vapaasti.",,,,,Sisältää kalsiumoksaalikiteitä; aiheuttaa ihmisille ja eläimille ärsytystä.,,,,
Fittonia albivenis,,Nerve plant,mosaiikkikasvi,#N/A,,,1,,,,,,,,,,,,"Brightly colored veins spread across the leaf like a map, and the high-contrast network makes even a small plant visually rich at close range.",,,,,,,,,,,,,,,,,,,"Värikkäät siipijalat levittyvät lehteen kartan tavoin, ja korkean kontrastin verkosto tekee pienestä kasvista visuaalisen rikkauden lähikuvassa.",,,,,,,,,
Commiphora harveyi,,Copper-stem Corkwood,mirhapuu,G-HF 	SUKKULENTIT,16816,G-HF 	SUKKULENTIT,1,,X: -158.80 Y: -10.43,"When the bark or branches are damaged, Commiphora harveyi releases a pleasantly aromatic resin. The resin has a woody, resinous, and slightly balsamic scent, a characteristic shared by many species in the Commiphora genus.",,,,,,,,,,,,,"Commiphora harveyi is well adapted to hot, arid climates, storing water within its trunk and branches to survive prolonged drought. This adaptation allows it to thrive where rainfall is limited and unpredictable.",,,,"Commiphora harveyi is distinguished by its smooth copper-colored bark, which peels away in delicate layers to reveal fresh bark beneath. This remarkable feature gives the tree its common name, Copper-stem Corkwood.",y,"Kun puun tai oksien pinta vahingoittuu, Commiphora harveyi vapauttaa mukavaa tuoksua sisältävän resinin. Resinissa on puun, resinin ja hieman balsamisen tuoksu, joka on monilla Commiphora-suvun lajeilla yhteinen piirre.",,,,,,,,,,,,,"Commiphora harveyi on hyvin sopeutunut kuumaan, kuivahkoon ilmastoon, varastoimalla vettä runkonsa ja oksien välityksellä pitääkseen kestävän kuivuuden. Tämä sopeutuminen sallii sen elävän alueilla, joilla sade on rajoittunut ja epävarma.",,,,"Commiphora harveyi on tunnistanut sen suomuinen kuparinvärisen kuoren, joka pehmeästi irtoaa hienoissa kerroksissa paljastaen uuden kuoren alla. Tämä erityinen piirre antaa puulle yleisen nimensä, kuparirunko-korkki.",
Conium maculatum,,Hemlock,Myrkkykatko,L-O 	LÃ„Ã„KEKASVI OSASTO,53403,L-O 	LÃ„Ã„KEKASVI OSASTO,1,,,,,,,,"Conium maculatum produces umbrella-shaped clusters of small white flowers in summer. These blooms attract insects for pollination, but all parts of the plant remain highly toxic throughout its life cycle.",,,"Conium maculatum is historically infamous as the plant used for the execution of the Greek philosopher Socrates in 399 BCE, when he was sentenced to death by drinking a preparation containing hemlock. Beyond this, it has appeared in ancient Greek and Roman writings as a known poison used for both legal executions and assassinations. Throughout history, it has also been studied by physicians and botanists for its powerful and dangerous alkaloids, influencing early toxicology and herbal medicine studies.",,"Conium maculatum contains powerful neurotoxic alkaloids that disrupt the nervous system, leading to paralysis and death if ingested. It has been studied in toxicology and historically used in controlled poison preparations due to its potency.",,,,"Conium maculatum is extremely dangerous, as even small amounts can be lethal if consumed. Its toxicity and resemblance to harmless wild plants make it especially hazardous in natural environments and accidental foraging situations.",,,,y,,,,,,"Conium maculatum tuottaa kesäisin pieniä valkoisia kukkia, jotka muodostavat kantapalloa muistuttavan ryhmän. Kukkien tuottaminen houkuttelee hyönteisiä siitepölyn levittämiseen, mutta kasvin kaikki osat pysyvät korkean myrkyllisinä koko kasvuvaiheensa ajan.",,,"Conium maculatum on historiallisesti kuuluisa siitä, että se oli käytössä filosofi Sokrateen teloituksessa vuonna 399 eaa., kun häneltä määrättiin kuolemaan juomaan hemlokki sisältävää valmistetta. Lisäksi se on esiintynyt antiikin kreikkalaisissa ja roomalaisissa kirjoituksissa tunnettuna myrkynä, jota käytettiin laillisten teloituksien ja salamurhien yhteydessä. Kasvi on myös tutkittu lääkäreiden ja kasvitieteilijöiden keskuudessa sen voimakkaan ja vaarallisen alkaloidin vaikutuksesta, vaikuttamalla varhaisiin myrkkytiede- ja lääkekasvitieteeseen tutkimuksiin.",,"Conium maculatum sisältää voimakastaan neurotoksisia alkaloideja, jotka häiritsevät hermostoa, johtuen kauhuaan ja kuolemaan, jos ne syödään. Se on tutkittu myrkkytieteessä ja on historiallisesti käytetty kontrolloiduissa myrkkyvalmisteissa sen voimakkuuden vuoksi.",,,,"Conium maculatum on erittäin vaarallinen, koska pienimmätkin määrät voivat olla hengenvaarallisia, jos ne syödään. Sen myrkyllisyys ja muistuttavuus haitallisista villakasveista tekevät siitä erityisen vaarallisen luonnontieteellisissä ympäristöissä ja sattumanvaraisissa kasviksittelytilanteissa.",,,,
Gelsemium sempervirens,,Carolina jasmine,Keltajasmike,#N/A,,,1,See under tags,,,,,,,,,,,,,,,,Beautiful yellow flowers; ingestion dangerous to humans.,,,,,,,,,,,,,,,,,,,Kaunis keltainen kukka; syönti on vaarallista ihmisille.,,,,
Ginkgo biloba,Ginkgoaceae,Ginkgo / Maidenhair tree,Neidonhiuspuu,G-HB 	KESÃ„SATEIDEN ALUE,2621,G-HB 	KESÃ„SATEIDEN ALUE,2,Ancient living fossil tree with fan-shaped leaves. Widely cultivated and used in medicine.,,,,,,,,,,,,,,,,,,,,,,,,,,,,,,,,,,,,,,,
Gloriosa superba,,Flame lily,Liekkiilii,G-HA 	TROOPPINEN HUONE,3363,G-HA 	TROOPPINEN HUONE,1,See under tags,,,,,,,,,,,,,,,,Striking climbing flower; contains toxic alkaloids dangerous to humans.,,,,,,,,,,,,,,,,,,,"Vaikuttava kiipeävä kukka; sisältää myrkyllisiä alkaloideja, jotka ovat vaarallisia ihmisille.",,,,
Convallaria majalis,,Lily of the valley,kielo,H-11 	TUOKSUAINEKASVIT,695,H-11 	TUOKSUAINEKASVIT,2,,,,,,,,"Convallaria majalis, commonly known as lily of the valley, is a woodland perennial native to Europe and parts of Asia. It produces arching stems of small, white, bell-shaped flowers in spring, which are prized for their sweet, distinctive fragrance.",,,"Convallaria majalis has long been associated with European folklore and tradition. It has been cultivated for centuries as an ornamental plant and has inspired perfumes, literature, and celebrations, symbolizing purity, renewal, and the arrival of spring.",,,,,,"Convallaria majalis is highly poisonous despite its delicate appearance and pleasant scent. All parts of the plant contain cardiac glycosides, which can cause serious illness if ingested by humans or animals.",,,,y,,,,,,"Convallaria majalis, jota kutsutaan yleisesti lillukseksi, on metsänperinnekasvi, joka on kotoisin Euroopasta ja osista Aasiaa. Se tuottaa keväällä kantavat oksat pienistä, valkoisista, kupu- muotoisista kukista, jotka arvostetaan niiden mukavasta, erityisestä tuoksuista.",,,"Convallaria majalis on ollut pitkään liitetty Euroopan kansanperinteeseen ja perinteisiin. Se on ollut viljelty sadan vuoden ajan koristekasvina ja on inspiroinut parfyumeja, kirjallisuutta ja juhlia, symboloimassa puhtautta, uudistumista ja kevään saapumista.",,,,,,"Convallaria majalis on erittäin myrkyllinen vaikka sen ulkonäkö on hienostunut ja tuoksu on miellyttävä. Kasvin kaikki osat sisältävät sydän glykosideja, jotka voivat aiheuttaa vakavia sairauksia, jos niitä syödään ihmisen tai eläimen kautta.",,,,
Cordyline fruticosa 'Red Edge',,Hawaiian ti tree,Verililjapuu,G-HA 	TROOPPINEN HUONE,17418,G-HA 	TROOPPINEN HUONE,1,,,,,,,,,,,,"Cordyline fruticosa ‘Red Edge’ is a variant of the Hawaiian ti tree with long, narrow green leaves edged in red or pink. Native to Southeast Asia and the Pacific, it is grown as an indoor ornamental plant for its strong colour contrast and upright, structured growth.",,,,,,,,,y,,,,,,,,,,"Cordyline fruticosa 'Red Edge' on Hawaikin ti-puun muunnos pitkien, kapeiden vihreiden lehtien reunustamana punertavalla tai pinkillä. Sitä kasvatetaan sisätiloissa koristekasvina sen vahvojen värivaihteluiden ja kookkaan kasvumuodon vuoksi.",,,,,,,,,
Heracleum spp.,,Hogweed,Jättiputki,#N/A,,,1,See under tags,,,,,,,,,,,,,,,,Sap causes severe skin burns in sunlight – major risk to humans.,,,,,,,,,,,,,,,,,,,Sapin aiheuttama auringonvalossa vakava ihottuma - suuri riski ihmisille.,,,,
Hippeastrum spp.,,Amaryllis,Amaryllis,#N/A,,,1,See under tags,,,,,,,,,,,,,,,,Popular garden bulbs with large flowers; bulbs highly toxic to pets.,,,,,,,,,,,,,,,,,,,Populaarit puutarhakasvit suurten kukkien kanssa; kasvukukat ovat erittäin myrkyllisiä lemmikeille.,,,,
Coriandrum sativum,,coriander / cilantro,korianteri,H-O 	HYÃ–TYKASVI OSASTO,57441,H-O 	HYÃ–TYKASVI OSASTO,1,,,,Coriandrum sativum is a fast-growing annual herb cultivated for both its fresh leaves (cilantro) and its dried seeds (coriander spice). It is widely grown in gardens and agriculture worldwide and is used in a broad range of cuisines for its distinctive flavour.,,,,,,,"Coriandrum sativum has been cultivated for thousands of years, with evidence of use in ancient Egypt, Greece, and Rome. It has long been valued as both a culinary herb and a spice, spreading early through trade routes across Europe, Asia, and North Africa.",,"Coriandrum sativum has been used in traditional herbal medicine for centuries. It has been associated with digestive support and general wellness in various cultural herbal systems, alongside its widespread culinary use.",,,,,,,,y,,"Coriandrum sativum on nopeasti kasvava vuosikasvi, jota kasvatetaan sekä sen tuoreiden lehtien (korianteri) että kuivattujen siemenien (koristekorianterin) vuoksi. Se kasvatetaan laajasti puutarhoissa ja maataloudessa ympäri maailmaa ja sitä käytetään laajasti eri ruokakulttuureissa sen erikoisen makuunsa vuoksi.",,,,,,,"Coriandrum sativum on ollut viljelty tuhansia vuosia, ja siitä on todisteita muinaisesta Egyptistä, Kreikasta ja Roomasta. Se on pitkään arvostettu sekä ruokakasvina että mausteena, leviäen varhain kauppareiteillä Euroopassa, Aasiassa ja Pohjois-Afrikassa.",,"Coriandrum sativum on ollut käytössä perinteisessä herbaalilääkinnässä vuosisatoja. Se on liitetty suoliston tukemiseen ja yleiseen hyvinvointiin eri kulttuurien herbaalilääkinnässä, yhdessä sen laajalla ruokakäytöllä.",,,,,,,,
Corylus avellana 'Fuscorubra',,Common Hazel Fuscorubra ,punapähkinäpensas,Behind annuals,,,1,yes,,,,,,,,,"Corylus avellana ‘Fuscorubra’ produces edible hazelnuts in autumn after wind pollination. The nuts develop inside leafy husks and can be eaten fresh, roasted, or used in baking and confectionery.",,,,"Corylus avellana is native to Europe and western Asia, where it grows in woodlands, hedgerows, and forest edges. It is a common understory shrub in temperate climates and has long been part of natural ecosystems.",,,,,"Corylus avellana ‘Fuscorubra’ is notable for its deep reddish-purple foliage, especially in spring when the leaves are most intensely coloured. This makes it stand out compared to the typical green-leaved hazelnut forms.",,y,,,,,,,,Corylus avellana 'Fuscorubra' tuottaa syksyllä tuhkaantuessaan tuhkaantuessaan syksyllä tuhkaantuessaan syksyllä tuhkaantuessaan syksyllä tuhkaantuessaan syksyllä tuhkaantuessaan syksyllä tuhkaantuessaan syksyllä tuhkaantuessaan syksyllä tuhkaantuessaan syksyllä tuhkaantuessaan syksyllä tuhkaantuessaan syksyllä tuhkaantuessaan syksyllä tuhkaantuessaan syksyllä tuhkaantuessaan syksyllä tuhkaantuessaan syksyllä tuhkaantuessaan syksyllä tuhkaantuessaan syksyllä tuhkaantuessaan syksyllä tuhkaantuessaan syksyllä tuhkaantuessaan syksyllä tuhkaantuessaan syksyllä tuhkaantuessaan syksyllä tuhkaantuessaan syksyllä tuhkaantuessaan syksyllä tuhkaantuessaan syksyllä tuhkaantuessaan syksyllä tuhkaantuessaan syksyllä tuhkaantuessaan syksyllä tuhkaantuessaan syksyllä tuhkaantuessaan syksyllä tuhkaantuessaan syksyllä tuhkaantuessaan syksyllä tuhkaantuessaan syksyllä tuhkaantuessaan syksyllä tuhkaantuessaan syksyllä tuhkaantuessaan syksyllä tuhkaantuessaan syksyllä tuhkaantuessaan syksyllä tuhkaantuessaan syksyllä tuhkaantuessaan syksyllä tuhkaantuessaan syksyllä tuhkaantuessaan syksyllä tuhkaantuessaan syksyllä tuhkaantuessaan syksyllä tuhkaantuessaan syksyllä tuhkaantuessaan syksyllä tuhkaantuessaan syksyllä tuhkaantuessaan syksyllä tuhkaantuessaan syksyllä tuhkaantuessaan syksyllä tuhkaantuessaan syksyllä,,,,"Corylus avellana on kotoisin Euroopasta ja länsi-Aasiasta, missä se kasvaa metsissä, pelloilla ja metsänreunoilla. Se on yleinen aluskasvuinen pensas lämpimissä ilmastoissa ja on pitkään ollut osa luonnon ekosysteemejä.",,,,,"Corylus avellana 'Fuscorubra' tunnetaan erityisesti syvän punertavan-violetin lehtensä vuoksi, varsinkin keväällä, kun lehdet ovat eniten värikkäitä.",,
crambe maritima,,sea kale,Euroopanmerikaali,H-3 	VIHANNEKSET,24543,H-3 	VIHANNEKSET,1,,,,"Crambe maritima, commonly known as sea kale, is a perennial coastal vegetable crop native to Europe. It is cultivated in gardens and coastal areas and can be grown as a long-lived edible plant in temperate climates.","Crambe maritima produces edible young shoots, leaves, and blanched stems. These are harvested in early spring and eaten as a vegetable, often described as having a mild, cabbage-like flavour when cooked or lightly prepared.",,,,,,Crambe maritima has been harvested from wild coastal habitats in Europe for centuries and later cultivated as a delicacy vegetable. It was especially valued in Britain and Northern Europe as a seasonal early-spring food.,,,,,"Crambe maritima is a resilient coastal plant adapted to sandy soils, salt spray, and harsh seaside conditions. Its deep root system and tolerance of poor, shifting soils make it well suited to difficult growing environments.",,"Crambe maritima is a seasonal vegetable harvested mainly in early spring. Its shoots are often blanched by growing them in darkness, which keeps them tender and improves flavour, making it a prized early-season coastal crop.",,,y,,"Crambe maritima, jota kutsutaan yleisesti merikurpitsaksi, on vuotinen merenrannan kasvikasvi, joka on kotoisin Euroopasta.","Crambe maritima tuottaa syötävää nuorta kasvua, lehtiä ja valkoitettua runkoa. Niitä kerätään varhaisella keväällä ja syödään kasvisena, usein kuvattuna miedoksi, kohinoiltaan makuisena, kun se on valmistettu tai keitetty kevyesti.",,,,,,Crambe maritima on ollut kerätty villistä rannikkokasvillisuudesta Euroopassa vuosisatoja ja myöhemmin kasvatettu kallisarvoisena kasvisena. Se arvostettiin erityisesti Britanniassa ja Pohjois-Euroopassa kausiruokana.,,,,,"Crambe maritima on kestävä rannikkokasvi, joka sopeutuu hiekkaisiin maaperiin, suolaisiin tuuleen ja kovempiin rannikkotilanteisiin. Sen syvä juurijärjestelmä ja suhtautuminen huonoihin, muuttuviin maaperiin tekevät siitä hyvin sopivan vaikeissa kasvupaikoissa.",,"Crambe maritima on kausiruoka, joka kerätään pääosin varhaisella keväällä. Kasvunsa kasvattamalla pimeässä, niitä voidaan valkoittaa, mikä pitää ne pehmeinä ja parantaa makua, tehdäkseen siitä arvostetun kausiruokakasvin.",,,
Hura crepitans,,Sandbox tree,Dynamiittipuu,#N/A,,,1,See under tags,,,,,,,,,,,,,,,,Spiny trunk and explosive fruits; highly toxic sap dangerous on contact.,,,,,,,,,,,,,,,,,,,Piikikäs siipi ja räjähtävä hedelmä; erittäin myrkyllinen siitepöly vaarallinen kosketuksessa.,,,,
Hymenocallis spp.,,Spider lily,Hämähäkkililja,#N/A,,,1,See under tags,,,,,,,,,,,,,,,,Elegant white flowers; bulbs are toxic if ingested.,,,,,,,,,,,,,,,,,,,"Kaunis valkoinen kukka; sienten on myrkyllistä, jos niitä syödään.",,,,
Crassula ovata 'hobbit',,Hobbit jade plant,Rahapuu,Succulentit,,,1,,x -152.21  y -11.11,,,,,,,,,,"Crassula ovata 'Hobbit', originating from a South African species, is a popular succulent grown as a houseplant. Its thick, tubular leaves curl inward at the tips, giving the plant a distinctive appearance. It thrives in bright light and requires little watering.",,,,"Crassula ovata 'Hobbit' stores water in its fleshy leaves, allowing it to tolerate drought and occasional neglect. With proper light and well-drained soil, it can live for decades and requires very little maintenance.",,,,,y,,,,,,,,,,"Crassula ovata 'Hobbit', joka on peräisin Etelä-Afrikan lajista, on suosittu kasvi, jota kasvatetaan huonekasvina. Sen paksut, torvimaiset lehdet kääntyvät sisääntä suuntaan, antaen kasville erityinen ulkonäkö. Se kukoistaa valossa ja vaatii vähän vesittämistä.",,,,"Crassula ovata 'Hobbit' säilöö vettä paksuissa lehdissään, mikä mahdollistaa kuivuuden ja sattuman varalle. Oikeassa valossa ja hyvin päästävällä maaperällä, se voi elää vuosikymmeniä ja vaatii hyvin vähän huoltoa.",,,,,
Cucurbita pepo 'Zucchini',,zucchini,kesäkurpitsa,Hyötypuutarha,,,1,,,,Cucurbita pepo ‘Zucchini’ is a fast-growing summer squash cultivar grown as a seasonal vegetable crop. It is widely cultivated in gardens and agriculture worldwide for its high productivity and ease of cultivation in warm conditions.,"Cucurbita pepo ‘Zucchini’ produces edible young fruits harvested while still immature. They are used in grilling, frying, baking, and stews, valued for their mild flavour and soft texture in a wide range of savoury dishes.",,,,,,"Cucurbita pepo originates from the Americas, where squash was domesticated thousands of years ago. Zucchini as we know it was later developed in Europe, particularly in Italy, where selective breeding produced the tender, elongated form now grown globally.",,,,,,,"Cucurbita pepo ‘Zucchini’ is a seasonal crop grown mainly in warm months. It grows quickly and produces continuous harvests during summer, making it a common and reliable vegetable in home gardens and commercial production.",,,y,,"Cucurbita pepo ‘Zucchini’ on nopeasti kasvava kesäkurpitsa, joka kasvatetaan kausiruokana. Se kasvatetaan laajasti puutarhoissa ja maataloudessa ympäri maailmaa sen korkeasta tuottavuudesta ja helosta kasvatusolosuhteista lämpimissä olosuhteissa.","Cucurbita pepo ‘Zucchini’ tuottaa syötävää nuorta hedelmää, joka kerätään vielä immuurena. Siihen käytetään grillauksessa, paistamisessa, leivottuessa ja paistamisessa, arvostettuna sen miedon makun ja pehmeän tekstuurin monipuolisissa ruoissa.",,,,,,"Cucurbita pepo on peräisin Amerikasta, jossa kurpitsaa kasvatettiin tuhansia vuosia sitten. Zucchini, jota tunnetaan nykyisin, kehitettiin myöhemmin Euroopassa, erityisesti Italiassa, jossa valikoituneen kasvatusmenetelmän tuloksena syntyi nykyinen, pehmeä, pitkä muoto, jota kasvatetaan ympäri maailmaa.",,,,,,,"Cucurbita pepo ‘Zucchini’ on kausiruoka, joka kasvatetaan pääosin lämpimien kuukausien aikana. Se kasvaa nopeasti ja tuottaa jatkuvia saalisia kesäisin, tehdäkseen siitä yleisen ja luotettavan kasviskasvatuksen kotipuutarhoissa ja kaupallisessa tuotannossa.",,,
Ipomoea carnea,,Pink morning glory,Myrkkökierto,#N/A,,,1,See under tags,,,,,,,,,,,,,,,,Attractive flowers; toxic compounds harmful to animals and humans.,,,,,,,,,,,,,,,,,,,Kaunis kukka; eläimille ja ihmisille haitallisia yhdisteitä.,,,,
Jasminum mesnyi,,Primrose jasmine,Esijasmike,#N/A,,,1,See under tags,,,,,,,,,,,,,,,,Looks like edible jasmine; ingestion may cause toxicity.,,,,,,,,,,,,,,,,,,,Sisältää ruokasipulia muistuttavia kukkia; nautinto voi aiheuttaa myrkytyksen.,,,,
Jatropha curcas,,Physic nut,Fysiikkapähkinä,G-HA 	TROOPPINEN HUONE,14643,G-HA 	TROOPPINEN HUONE,1,See under tags,,,,,,,,,,,,,,,,Seeds resemble edible nuts but are highly toxic to humans and pets.,,,,,,,,,,,,,,,,,,,Siemenet muistuttavat syötäviä pähkinöitä mutta ovat erittäin myrkyllisiä ihmisiä ja eläimiä kohtaan.,,,,
Ilex aquifolium,Aquifoliaceae,Holly,Orjanlaakeri,G-HE 	LAUHKEA,8247,G-HE 	LAUHKEA,1,"Glossy, dark green leaves reflect light while sharply pointed edges create a striking contrast between smooth surfaces and defensive form – look closely and notice how the shiny surface reflects light while the spiky edges help deter animals from feeding on the plant.",,,,,,,,,,,,,,,,Decorative red berries and glossy leaves; berries mildly toxic to humans and pets.,,,,,,,,,,,,,,,,,,,Koristeelliset punertavat marjat ja kiiltävät lehdet; marjat ovat lievästi myrkyllisiä ihmisiä ja eläimiä kohtaan.,,,,
Kalanchoe blossfeldiana,,Flaming Katy,Tulilatva,G-HB 	KESÃ„SATEIDEN ALUE,2397,G-HB 	KESÃ„SATEIDEN ALUE,1,See under tags,,,,,,,,,,,,,,,,Bright flowers suggest safety; toxic compounds affect pets.,,,,,,,,,,,,,,,,,,,Vahvojen kukkien väri viittaa turvallisuuteen; myrkkyaineet vaikuttavat eläimiin.,,,,
Laburnum anagyroides,,Golden chain tree,Kultasade,G-HD 	TALVISAT. L. VÃ„LIMEREN ILMASTOALUE,1235,G-HD 	TALVISAT. L. VÃ„LIMEREN ILMASTOALUE,1,See under tags,,,,,,,,,,,,,,,,Hanging yellow flowers and pods resemble edible peas; toxic to humans.,,,,,,,,,,,,,,,,,,,Ojentuvat keltakukat ja paksut muistuttavat syötäviä herneitä; myrkyllisiä ihmisiä kohtaan.,,,,
Cynara cardunculus var. Scolymus,,Artichoke,Latva-artisokka,Hyötypuutarha,,,1,,,,"Cynara cardunculus var. scolymus, commonly known as globe artichoke, is a vegetable crop grown for its edible immature flower buds. The fleshy base of the bracts and the heart are widely eaten, often steamed or boiled, and valued for their delicate flavour.",,,,,,,Cynara cardunculus var. scolymus has been cultivated in the Mediterranean region since classical antiquity. It was prized by ancient Greeks and Romans as a luxury food and later became an important part of southern European culinary traditions.,,,,,,,,,,y,,"Kynsisipuli on kasviksittäin kasvatettava ruokasipuli, joka kasvaa syötäviä nuoria kukkia.",,,,,,,Kynsisipuli on kasvatettu Välimeren alueella jo antiikin ajoilta lähtien. Se oli arvostettu antiikin kreikkalaisten ja roomalaisten ylellisruokana ja myöhemmin tuli osa etelä-Euroopan keittiöperinteitä.,,,,,,,,,,
Lantana camara,,Lantana,Lantana,G-HE 	LAUHKEA,2607,G-HE 	LAUHKEA,1,See under tags,,,,,,,,,,,,,,,,Colourful flower clusters and berries; toxic especially to pets.,,,,,,,,,,,,,,,,,,,Värikäs kukkakukka ja marjat; myrkyllisiä erityisesti eläimiä kohtaan.,,,,
Lithops sp.,Aizoaceae,Living stone,Kivikukka,G-HF 	SUKKULENTIT,41396,G-HF 	SUKKULENTIT,1,"Small, stone-like bodies blend seamlessly into dry, rocky surroundings, making the plant almost indistinguishable from its environment – notice how its shape and colour mimic surrounding stones, reducing visibility and protecting it from being eaten in harsh desert conditions.",,,,,,,,,,,,,,,,,,,,,,,,,,,,,,,,,,,,,,,
Datura stramonium,,jimsonweed ,okahulluruoho,L-O 	LÃ„Ã„KEKASVI OSASTO,53942,L-O 	LÃ„Ã„KEKASVI OSASTO,2,,,,,,,,"Datura stramonium produces large, trumpet-shaped white to purple flowers that open in the evening and are often strongly fragrant. After flowering, it forms spiny seed capsules that contain numerous dark seeds and contribute to its spread in disturbed soils.",,,"Datura stramonium has a long and unsettling history across different cultures, often appearing where traditional medicine, ritual use, and danger overlap. In parts of Europe it became known as a “witching herb,” associated with delirium and visions due to its strong psychoactive effects. Indigenous cultures in the Americas used it in carefully controlled ritual contexts, where it was respected as both sacred and dangerous. Later, it was studied in early medicine for its powerful effects on the nervous system, but also became infamous for accidental poisonings and misuse.",,,"Datura stramonium is believed to originate in the Americas but has spread widely across temperate and tropical regions. It now grows as a common weed in disturbed soils, roadsides, and agricultural areas worldwide.",,,"Datura stramonium is highly toxic in all parts of the plant due to tropane alkaloids such as atropine and scopolamine. Ingestion can cause severe poisoning, including hallucinations, confusion, rapid heartbeat, and potentially life-threatening effects.",,,,y,,,,,,"Datura stramonium tuottaa suuria, trumpetinmuotoisia valkoista tai purppuravärisiä kukkia, jotka avautuvat illalla ja ovat usein voimakkaasti tuoksuvia. Kukinnan jälkeen se muodostaa piikikkäitä siemenpölykkeitä, jotka sisältävät monia tummia siemeniä ja vaikuttavat sen leviämiseen häiriintyneillä mailla.",,,"Datura stramonium on pitkän ja epämukavan historiaa eri kulttuureissa, jolloin se on usein esiintynyt perinteisen lääketieteen, rituaalikäytön ja vaarallisuuden risteyksessä. Euroopassa se tuli tunnetuksi ""noitavietteenä"", joka liittyi deliiriumiin ja visioihin sen voimakkaan psykoaktiivisen vaikutuksen vuoksi. Amerikan alkuperäiskansat käyttivät sitä tarkoin hallinnoiduissa rituaalitarkoituksissa, missä se arvostettiin sekä pyhänä että vaarallisena. Myöhemmin se tutkittiin varhaisessa lääketieteessä sen voimakkaan vaikutuksen vuoksi hermostoon, mutta se tuli myös kuuluisaksi sattumanvaraisista myrkytyksistä ja väärinkäytöstä.",,,"Datura stramonium on uskotaan alkuperäisesti Amerikan alkuperäisistä kulttuureista, mutta se on levinnyt laajasti matalapaineisissa ja trooppisissa alueissa. Nykyään se kasvaa yleisenä ruohona häiriintyneillä mailla, tienvierillä ja maatalousalueilla ympäri maailmaa.",,,"Datura stramonium on kaikilla kasvin osilla on myrkyllistä troopaanialkaloideja, kuten atropiinia ja skopolamiinia. Sen nauttiminen voi aiheuttaa vakavia myrkytyksiä, mukaan lukien hallucinoinnit, hämärää, nopeaa sydämenlyöntia ja mahdollisesti elinikäisiä vaikutuksia.",,,,
Magnolia kobus,Magnoliaceae,Magnolia,Magnoliat,G-HE 	LAUHKEA,14824,G-HE 	LAUHKEA,1,"Ancient flowering plants with large, showy flowers. Often pollinated by beetles.",,,,,,,,,,,,,,,,,,,,,,,,,,,,,,,,,,,,,,,
Dendrobium densiflorum,,Pineapple Orchid,No common name,G-HD 	TALVISAT. L. VÃ„LIMEREN ILMASTOALUE,14462,G-HD 	TALVISAT. L. VÃ„LIMEREN ILMASTOALUE,1,,,,X: -162.78 Y: 2.58,,,"Native to the Himalayan foothills and Southeast Asia, Dendrobium densiflorum is an exotic orchid valued for its tropical beauty. It is an uncommon sight in temperate regions and is mainly grown by orchid enthusiasts.","Dendrobium densiflorum produces dense, cascading clusters of golden-yellow flowers. Before fully opening, the tightly packed flower spikes are often compared to the shape of a ripe pineapple.","Dendrobium densiflorum is known for its sweet, fruity fragrance, often described as resembling ripe pineapple. The scent is noticeable without being overpowering, making it especially appreciated by orchid enthusiasts.",,,"Dendrobium densiflorum is widely grown as a houseplant and prized for its spectacular flowering display. With bright light, seasonal watering, and a cool winter rest, it can bloom reliably for many years.",,,,,,,,,y,,X: -162.78 Y: 2.58,,,"Himalajan alueen ja Kaakasian alkuperäinen Dendrobium densiflorum on harvinainen, trooppinen orkide, jota arvostetaan kaunottomuudestaan. Se on harvinainen näky lämpimissä alueilla ja kasvatetaan pääasiassa orkideiden ystävien keskuudessa.","Dendrobium densiflorum tuottaa tiiviitä, kasaantuneita keltaisia kukkia. Ennen täydellistä avautumistaan kukkien tiiviit sarjat muistuttavat usein kuivuneen ananaksen muotoa.","Dendrobium densiflorum tunnetaan makeasta, hedelmäisestä tuoksustaan, jota verrataan usein kuivuneeseen ananaksiin. Tuoksu on huomattava, mutta ei ylivoimainen, mikä tekee siitä erityisen arvostetun orkideiden ystävien keskuudessa.",,,"Dendrobium densiflorum kasvatetaan laajalti huonekasviksi ja arvostetaan spektaakulaarista kukkien näyttävyydestä. Keväällä ja syksyllä valoisalla paikalla, kylmällä talvella ja säännöllisellä vesityksellä se voi kukkia uskollisesti useita vuosia.",,,,,,,,,
Manchineel (Hippomane mancinella),,Manchineel tree,Myrkkymanjinelli,#N/A,,,1,See under tags,,,,,,,,,,,,,,,,"Fruit resembles small apples; extremely toxic, even contact can harm humans.",,,,,,,,,,,,,,,,,,,"Hedelmä muistuttaa pieniä omenia; erittäin myrkyllistä, jopa kosketus voi vahingoittaa ihmisiä.",,,,
Dianthus arenarius subsp. Borussicus,,Baltic sand pink,idänhietaneilikka,K-4 	HARJUMETSÃ„,3682,K-4 	HARJUMETSÃ„,1,hilly route,,,,,,,"This subspecies produces small flowers ranging from white to pale pink, depending on population and conditions. It blooms in open sandy habitats where vegetation is sparse and exposure to sun and wind is high.",,,,,,"Dianthus arenarius subsp. borussicus is native to northern Europe, where it grows in sandy coastal and inland habitats. It is locally uncommon and protected in some regions due to its restricted habitat requirements.",,,,,,,y,,,,,,"Tämä alalaji tuottaa pieniä kukkia valkoisista vaaleanpunaisiin, riippuen väkiluvusta ja olosuhteista. Se kukkii avoimissa hiekkaisissa asioissa, joissa kasvillisuus on vähäistä ja auringon ja tuulen altistus on korkea.",,,,,,"Dianthus arenarius subsp. borussicus on kotoisin pohjois-Euroopasta, missä se kasvaa hiekkaisissa rannikkotiloissa ja sisämaan asioissa. Se on paikallisesti harvinainen ja suojeltu joissain alueilla sen rajoittuneiden elinympäristövaatimusten vuoksi.",,,,,,,
Melia azedarach,,Chinaberry tree,Kiinanmarjapuu,G-HA 	TROOPPINEN HUONE,25138,G-HA 	TROOPPINEN HUONE,1,See under tags,,,,,,,,,,,,,,,,Yellow berries resemble edible fruit; toxic especially to pets and children.,,,,,,,,,,,,,,,,,,,Keltakerrat muistuttavat syötävää hedelmää; myrkyllistä erityisesti lemmikeille ja lapsille.,,,,
Dianthus Superbus,,fringed pink ,Pulskaneilikka,K-16-1 	CA-/ULTRAEMÃ„KSINEN KALLIO,57500,K-16-1 	CA-/ULTRAEMÃ„KSINEN KALLIO,,hilly route,,,,,,,"Dianthus superbus produces large flowers with deeply fringed petals that give each bloom a delicate, lace-like appearance. The blossoms are held on slender stems and bloom throughout the summer.","The large, fringed flowers release a sweet, clove-like fragrance that becomes most noticeable in warm, calm weather. Its pleasant scent makes it one of the most aromatic wild pinks.",,,,,"Dianthus superbus is a fragrant perennial wildflower native to Finland and much of northern Europe and Asia. It is known for its deeply fringed pink flowers, which attract pollinators, and thrives in meadows, open woodlands, and calcareous grasslands.","With flowers adapted for nocturnal pollination, Dianthus superbus provides an important nectar source for hawk moths and other night-flying moths, while also attracting daytime pollinators such as bees, butterflies, and hoverflies throughout the flowering season.",,,,,,y,,,,,,"Dianthus superbus tuottaa suuria kukkia, joiden syvään kärjistetyt terälehdet antavat kukkien jokaiselle kukalle hienon, kudottavan ilmeen. Kukat kasvavat ohuilla varreilla ja kukkivat koko kesän.","Suuret, kärjistetyt kukat vapauttavat makean, kanelimaisen tuoksun, joka tulee eniten huomatuksi lämpimällä ja rauhallisella säällä. Sen miellyttävä tuoksu tekee siitä yhden kaikkein tuoksuvoimaisimmista villistä pihkaista.",,,,,"Dianthus superbus on hajamielinen, vuosittain kasvava villikukka, joka on kotoisin Suomesta ja suurimmasta osasta pohjoista Eurooppaa ja Aasiaa. Sen tunnusomaiset, syvästi kärjistetyt pinkit kukat houkuttelevat hyönteisiä, ja se kasvaa niityillä, avoimilla metsiköillä ja kalkkikkoisilla ruohikoilla.","Dianthus superbus on sopeutunut yöaktiiviselle hyönteisille, ja sen kukat tarjoavat tärkeitä nektariajatuksia yöperhosille, kuten haukko- ja muita yöperhosia, samalla kun se houkuttelee päiväperhosia, kuten mehiläisiä, perhosia ja kimalaisia koko kukkien kasvukauden ajan.",,,,,,
Monstera adansonii,,Swiss cheese vine,adansoninpeikonlehti,#N/A,,,1,,,,,,,,,,,,"The thinner leaves are filled with oval openings that give the plant a light, climbing character, and the fine fenestrations make it especially attractive for shelves, moss poles, and hanging displays.",,,,,,,,,,,,,,,,,,,"Pienemmät lehdet ovat täynnä ovalleja aukkoja, jotka antavat kasvulle valoisen, kiipeilevän ulkonäön, ja hienot fenestraatiot tekevät siitä erityisen kaunis näyttävän kasveille, kuten kasvualustille, mäntipolille ja ojentimille.",,,,,,,,,
Dieffenbachia maculata,,Dumbcane,Kirjovehka,G-HA 	TROOPPINEN HUONE,802,G-HA 	TROOPPINEN HUONE,1,,,,,,,,,,,,Dieffenbachia maculata is a striking tropical houseplant known for its large green leaves splashed with cream and white patterns. Its bold foliage and fast growth make it a popular choice for adding lush indoor greenery.,,,,,"Although a popular houseplant, dumb cane is highly toxic. Chewing it can cause severe throat swelling and irritation lasting up to two weeks, while eye exposure may result in intense pain.",,,,y,,,,,,,,,,"Dieffenbachia maculata on vaikuttava trooppinen huonekasvi, joka tunnetaan suurista, kremallä ja valkoisella kuvioituneista lehdistään. Sen voimakas kasvu ja kaunis lehtimateriaali tekevät siitä suosittu valinta lisäämään sisätiloihin runsasta vihertyä kasvillisuutta.",,,,,"Vaikka se on suosittu huonekasvi, Dieffenbachia maculata on erittäin myrkyllinen. Sen puraiseminen voi aiheuttaa vakavia kurkkukasvaimia ja ärsytystä, jotka kestävät jopa kaksi viikkoa, samalla kun silmien altistuminen voi aiheuttaa voimakasta kipua.",,,,
Dioscorea opposita,Dioscoreaceae,Chinese yam,Kiinanjamssi,G-HA 	TROOPPINEN HUONE,3003,G-HE 	LAUHKEA,1,,x -167.06  y -7.98,,"Dioscorea opposita, commonly known as Chinese yam, is a climbing vine crop cultivated for its long, starchy underground tubers. It is widely grown in East Asia and valued as a reliable root crop in traditional agricultural systems.","Dioscorea opposita produces edible tubers that can be eaten raw or cooked. They are used in soups, stir-fries, desserts, and processed into flour or noodles, forming an important ingredient in East Asian cuisine.",,,,,,,,Dioscorea opposita has a long history of use in traditional Chinese medicine. Its tubers are believed to support digestive and general health and are often included in herbal preparations and functional foods.,,,,,,,,y,,"Dioscorea opposita, joka tunnetaan myös Kiinan jamina, on kiipeilevä kasvikanta, joka kasvatetaan pitkien, rasvattomien aluskasvien vuoksi. Se kasvatetaan laajasti Itä-Aasiassa ja arvostetaan luotettavana juurikasvina perinteisissä maatalousjärjestelmissä.","Dioscorea opposita tuottaa syötäviä aluskasveja, jotka voidaan syödä raakana tai keittynä. Niitä käytetään keittoissa, paistimissa, makeissa ruoka-aineissa ja kuitupohjaisissa tuotteissa, ja ne muodostavat tärkeitä ainesosia Itä-Aasian ruokakulttuurissa.",,,,,,,,"Dioscorea opposita on ollut pitkään käytössä perinteisessä kiinalaisessa lääketieteessä. Sen aluskasvit uskotaan tukevan ruoansulatusta ja yleistä terveyttä, ja niitä käytetään usein lääkevalmisteissa ja funktio-ruokavirrassa.",,,,,,,,
Dracaena trifasciata (syn. Sansevieria trifasciata),,Snake plant,Anopinkieli,Kesäsateiden alue,,,1,,X: -124.53 Y: 11.33,,,,,,,,,,"Deep green, sword-shaped leaves rise gracefully from the base, creating a clean, architectural silhouette. Its forgiving nature and modest watering needs make it an excellent addition to indoor spaces.",,,,,Minimalist ornamental; ingestion causes symptoms in pets.,,,,y,,,,,,,,,,"Syvän vihreät, miekkamaiset lehdet nousevat puhtaan, arkkitehtonisen muodon luomiseen kasvin perustasta. Sen sopeutuvuus ja matalat vesitarpeet tekevät siitä erinomainen lisäys sisätiloihin.",,,,,Minimalistinen koristekasvi; eläinten syönti aiheuttaa oireita.,,,,
Nandina domestica,,Heavenly bamboo,Taivaanbambu,G-HE 	LAUHKEA,24826,G-HE 	LAUHKEA,1,See under tags,,,,,,,,,,,,,,,,Bright red berries strongly resemble edible berries; toxic to pets.,,,,,,,,,,,,,,,,,,,Vahvat punertavat marjat muistuttavat syötäviä marjoja; myrkyllisiä eläimille.,,,,
Echium wildpretii,,Tower of Jewels,Kuningatarneidonkieli,Succulentit,,,1,,X: 156.51 Y: -9.23,,,,,,"Tower of Jewel produces tall, upright spikes densely packed with vibrant, jewel-toned flowers that create a bold vertical display. After flowering, it forms seed heads that can release and disperse thousands of tiny seeds",,,,,,,,,,,,,y,,,,,,"Tower of Jewel tuottaa korkeita, pystyssä kasvavia sarvia, jotka ovat tiiviisti pakattuina värikkäin, jalokivinäväristen kukkien kanssa, ja ne luovat voimakasta, pystyä näyttävää koristekasvia. Kukinnan jälkeen se muodostaa siemenpäitä, jotka voivat vapautua ja levitä tuhansia pieniä siemeniä.",,,,,,,,,,,,,
Eichhornia crassipes,,water hyacinth,vesihyasintti,Trooppinen huone,46320,G-HL 	LISÃ„YSHUONE,1,,x -135.59  y 16.99,,,,,,,,,,,,,,,"Water hyacinth (Eichhornia crassipes) is a floating aquatic plant from the Amazon with attractive lilac flowers. It is highly invasive and spreads rapidly, forming dense mats that block light, reduce oxygen in water, and harm aquatic life while also clogging waterways and disrupting human water use.",,,,y ,,,,,,,,,,,,,,,"Vesi-hyacintti (Eichhornia crassipes) on veden pinnalla kasvava vesikasvi Amazonista, jolla on houkuttelevia vaaleanlilaisia kukkia. Se on hyvin invasiivinen ja leviää nopeasti, muodostaa tiheitä mattoja, jotka estävät valoa, vähentävät veden happamuutta ja vahingoittavat vesieläimiä, samalla kun se myös estää vesiteitä ja häiritsee ihmisten vesikäytön.",,,,
Nerium oleander,,Oleander,Oleanteri,G-HD 	TALVISAT. L. VÃ„LIMEREN ILMASTOALUE,1541,G-HD 	TALVISAT. L. VÃ„LIMEREN ILMASTOALUE,1,See under tags,,,,,,,,,,,,,,,,Abundant decorative flowers; one of the most toxic ornamental plants for humans and pets.,,,,,,,,,,,,,,,,,,,Runsas koristekukka; yksi ihmisten ja eläinten suurimmista myrkyllisimmistä koristekasveista.,,,,
Nicotiana spp.,,Tobacco,Tupakka,#N/A,,,1,See under tags,,,,,,,,,,,,,,,,Contains nicotine; toxic especially if ingested by pets.,,,,,,,,,,,,,,,,,,,"Sisältää nikotiinia; myrkyllinen erityisesti, jos eläimet sen nauttivat.",,,,
Elettaria cardamomum,,Cardamom,Kardemumma,G-HA 	TROOPPINEN HUONE,873,G-HA 	TROOPPINEN HUONE,1,,,"Elettaria cardamomum is prized for its highly aromatic seed pods, which have a warm, sweet, and slightly citrus-like flavour. Cardamom is one of the world's most valued spices and is used in both sweet and savoury dishes.","Elettaria cardamomum is a tropical spice crop cultivated for its seed pods. The pods are harvested before they fully ripen, then dried and used whole or ground as a culinary spice.",,,,,,,"Elettaria cardamomum has been cultivated for more than 2,000 years and was one of the valuable spices traded along ancient routes linking India, the Middle East, and Europe. It was prized by the ancient Egyptians, Greeks, and Romans for cooking, perfumes, and traditional medicine. Today, it remains one of the world's most expensive spices by weight, surpassed only by vanilla and saffron.",,,,,,,,,,y,"Elettaria cardamomum on arvostettu sen hyvin aromattisista siemenpalkoista, jotka ovat lämpimän, makean ja hieman sitrushedelmänmakuista. Kardemumma on yksi maailman arvostetuimmista mausteista ja sitä käytetään sekä makeissa että savuisissa ruoissa.","Elettaria cardamomum on trooppinen maustekasvi, jota kasvatetaan siemenpalkojen vuoksi. Palkot kerätään ennen täydellistä kypenemistä, kuivataan ja käytetään kokonaisena tai pahvattuna maustekasvina.",,,,,,,"Elettaria cardamomum on ollut viljelty yli 2 000 vuotta ja se oli yksi arvostetuimmista mausteista, jotka kaupattiin vanhoilla kauppareiteillä Intian, Lähi-idän ja Euroopan välillä. Se oli arvostettu vanhoissa Egyptissä, Kreikassa ja Roomassa ruoanlaitossa, parfyymeissa ja perinteisessä lääketieteessä. Nykyään se on yksi maailman kalliimmista mausteista painoltaan mitattuna, jota ylittää vain vanilja ja saffran.",,,,,,,,,,
Pangium edule,,Football fruit,Pangium,#N/A,,,1,See under tags,,,,,,,,,,,,,,,,Large tropical fruit; toxic unless processed correctly for human use.,,,,,,,,,,,,,,,,,,,"Suuri trooppinen hedelmä; myrkyllinen, ellei sitä käsitellä oikein ihmisten käyttöön.",,,,
Papaver somniferum,,Opium poppy,Unikko,H-7 	Ã–LJYKASVIT,47921,H-7 	Ã–LJYKASVIT,1,See under tags,,,,,,,"Papaver somniferum is a flowering plant known for its large, delicate blooms in shades of white, pink, red, and purple. It is also grown as an ornamental garden plant for its striking flowers and decorative seed pods.",,,"Papaver somniferum has been cultivated since ancient times for medicine, food, and trade. In the 18th–19th centuries, opium from the plant became a major global commodity, especially in trade between British merchants and China. This led to the Opium Wars, which reshaped international relations in East Asia. Opium also became widely used in medicine before modern regulations, making the plant historically both highly valuable and controversial.",,"Papaver somniferum is the source of important medically used alkaloids such as morphine and codeine, which are used in pain relief and anesthesia. These compounds are carefully extracted and regulated for pharmaceutical use.",,,,"Papaver somniferum contains potent opiate compounds that can be dangerous if misused or improperly processed. Because of its chemical properties, it is strictly regulated in many countries.",,,,,,,,,,"Papaver somniferum on kukkiva kasvi, joka tunnetaan suurista, hienostuneista kukistaan valkoisissa, pinkissä, punaisissa ja purppuraisissa väreissä. Se kasvatetaan myös koristekasvina puutarhoissa kukkien ja koristepalkojen vuoksi.",,,"Papaver somniferum on ollut viljelty vanhastaan lääkkeiden, ruoan ja kaupan vuoksi. 1700-1800-luvuilla opium kasvin perästä muodostui merkittävä globaali kauppa, erityisesti brittiläisten kauppiaiden ja Kiinan välillä. Tämä johti Opium-sotiin, jotka muuttivat itäisen Aasian kansainvälisiä suhteita. Opiuma myös käytettiin laajasti lääkkeenä ennen nykyisiä sääntöjä, mikä teki kasvin historiallisesti sekä arvokkaaksi että kohuksi.",,"Papaver somniferum on lääkeaineiden lähteena, kuten morfiini ja kodeiini, jotka käytetään kipulääkkeinä ja anestesioinnissa. Näitä yhdisteitä on hankalasti eristetty ja säädelty lääkevalmistustarkoituksiin.",,,,"Papaver somniferum sisältää voimakkaita oopiumilajeja, jotka ovat vaarallisia, jos niitä käytetään väärin tai epäkunnolla. Sen kemialliset ominaisuudet johtavat siihen, että sitä säädetään tiukasti monissa maissa.",,,,
Empetrum nigrum subsp. Hermaphroditum,,Mountain Crowberry,Pohjaavariksenmarjatie,H-O 	HYÃ–TYKASVI OSASTO,32381,H-O 	HYÃ–TYKASVI OSASTO,1,hilly route,,,,"The berries of Empetrum hermaphroditum are edible and traditionally foraged in northern ecosystems. Their mild, slightly astringent flavor means they are often eaten fresh or combined with other wild berries.",,,,,,,,,"Empetrum hermaphroditum is native to Finland and common in northern boreal and subarctic environments. It grows in cold, open habitats such as heathlands, tundra-like areas, and rocky pine forests.",,"Empetrum nigrum is highly resilient, thriving in cold, exposed environments such as northern heathlands, rocky forests, and tundra-like areas. It tolerates acidic, nutrient-poor soils and harsh winds where few plants can survive.",,,,,y,,,"Empetrum hermaphroditumin marjat ovat syötäviä ja perinteisesti kerättyjä pohjoisten ekosysteemien alueilla. Niiden miedon, hieman astringenttisen maku tarkoittaa, että niitä syödään usein raakana tai yhdistetään muihin villiin marjoihin.",,,,,,,,,"Empetrum hermaphroditum on kotoisin Suomesta ja yleinen pohjoisessa boreaalisen ja subarktisen ilmastotyyppisen ympäristön alueilla. Se kasvaa kylmien, avoimien elinolosuhteissa, kuten korpimetsissä, tundralaisilla alueilla ja kallioisissa mänty- ja kuusimetsissä.",,"Empetrum nigrum on erittäin kestävä, ja se kestää kylmiä, avoimia ympäristöjä, kuten pohjoisia korpimetsiä, kallioisia metsiä ja tundralaisia alueita. Se kestää happamia, ravinteettomia maaperiä ja kovia tuuleita, joissa vain muutamat kasvit selviävät.",,,,,
Peperomia argyreia,,Watermelon peperomia,vesimelonipeperomia,G-HA 	TROOPPINEN HUONE,4924,G-HA 	TROOPPINEN HUONE,1,,,,,,,,,,,,"Rounded leaves carry silver-green banding that resembles the rind of a watermelon, and the compact form makes the plant ideal for small displays and detailed study.",,,,,,,,,,,,,,,,,,,"Pyöreät lehdet ovat hopeanvihreitä ja niissä on vesimelon kuorta muistuttava raidallisuus, ja kompakti muoto tekee kasvista ideaalisen pienille näyttelyille ja tarkalle tutkimukselle.",,,,,,,,,
Philodendron bipinnattifidum,,Philodendron,peikonkämmen,#N/A,,,1,See under tags,,,,,,,,,,,,,,,,"Attractive foliage; ingestion causes irritation, especially for pets.",,,,,,,,,,,,,,,,,,,"Kaunis lehtiväri; sen syönti aiheuttaa ärsytystä, erityisesti kotieläimille.",,,,
Epipremnum aureum ‘Golden’,,Golden pothos,kultaköynnös,Trooppinen huone,,,1,,X: -140.10 Y: 15.58,,,,,,,,,,"Heart-shaped leaves are washed with warm yellow-green marbling, and the trailing stems make it useful for observing how light levels influence variegation and leaf size.",,,,,,,,,y,,,,,,,,,,"Sydänmuotoiset lehdet ovat lämpimän keltavihreää, ja pitkät oksat tekevät siitä hyödyllistä valon vaikutuksen havaitsemiseen, sekä lehtien koon muutokseen.",,,,,,,,,
Phytolacca americana,,Pokeweed,Myrkkykeijunmarja,G-HO 	KASVIHUONE OSASTO,55574,G-HO 	KASVIHUONE OSASTO,1,See under tags,,,,,,,,,,,,,,,,Dark berries resemble edible berries; toxic to humans and pets.,,,,,,,,,,,,,,,,,,,Pimeät marjat muistuttavat syötäviä marjoja; myrkyllisiä ihmisten ja kotieläinten suhteen.,,,,
Pilea peperomioides,,Chinese money plant,kiinanrahanlehti,G-HA 	TROOPPINEN HUONE,16139,G-HA 	TROOPPINEN HUONE,1,,,,,,,,,,,,"Round leaves stand like coins on long stalks, creating a neat geometric pattern that makes the plant especially interesting for people who enjoy symmetry, offsets, and easy propagation.",,,,,,,,,,,,,,,,,,,"Kaksipuoliset lehdet seisovat pitkillä varpuilla, luodin muotoisena geometrisena muotona, joka tekee kasvista erityisen mielenkiintoista symmetrian, offsetin ja helpon lisääntymisen ystäville.",,,,,,,,,
Euphorbia triangularis,,river euphorbia,kruunutyräkki,G-HF 	SUKKULENTIT,17395,G-HF 	SUKKULENTIT,1,,x -153.68  y -5.72,,,,,,,,,,"Euphorbia trigona is valued as a houseplant for its sculptural appearance and remarkable longevity. Its water-storing stems, drought tolerance, and slow growth allow it to thrive indoors for decades with proper care.",,,,,"Euphorbia trigona contains a milky white latex sap that is toxic and can irritate the skin, mouth, and especially the eyes. Contact with the sap should be avoided, and the plant should be handled with care.",,,,y,,,,,,,,,,"Euphorbia trigona on arvostettu huonekasviksi sen veistämällä muoto ja erinomainen pitkäikäisyys. Sen vesi varastoivat varret, kuivuuden kestävyys ja hitaakasvu tekevät siitä mahdolliseksi elää sisällä vuosikymmeniä oikean hoitonsa kanssa.",,,,,"Euphorbia trigona sisältää valkoista, maitiaisvaahto muistuttavaa sapinia, joka on myrkyllistä ja aiheuttaa ihon, suun ja erityisesti silmien ärsytystä. Sapin kanssa olemisesta tulisi välttää, ja kasvia tulisi käsitellä varovasti.",,,,
Plumbago auriculata,,Cape leadwort,Lyijykukka,G-HD 	TALVISAT. L. VÃ„LIMEREN ILMASTOALUE,2637,G-HD 	TALVISAT. L. VÃ„LIMEREN ILMASTOALUE,1,See under tags,,,,,,,,,,,,,,,,Attractive blue flowers; sap causes irritation and toxicity if ingested.,,,,,,,,,,,,,,,,,,,"Kaunis sininen kukka; sapin syönti aiheuttaa ärsytystä ja myrkyllisyyttä, jos se syödään.",,,,
Feijoa sellowiana syn. Acca sellowiana,,Feijoa,Feijoa,Trooppinen huone,,,1,,,,,"Acca sellowiana fruits are eaten fresh or used in jams, desserts, juices, and smoothies. The white flower petals are also edible and have a sweet flavour, making them a unique addition to salads and garnishes.",,,"Acca sellowiana produces striking white flowers with numerous long, bright red stamens in late spring to early summer. The nectar-rich blooms attract bees and birds, while the edible petals add to the plant's ornamental appeal.",,"Acca sellowiana, native to the highlands of southern Brazil, Uruguay, northern Argentina, and Paraguay, produces oval green fruits that ripen in autumn. The soft flesh has a sweet, tropical flavour often compared to pineapple, guava, and strawberry.",,,,,,,,,,,y,,,"Acca sellowiana marjoja syödään raakana tai käytetään hedelmäjässien, makeutusaineiden, juomien ja smoothien valmistuksessa. Valkoiset kukkakukat ovat myös syötäviä ja niillä on makea maku, joten ne ovat ainutlaatuinen lisä ruokien ja koristeiden valmistuksessa.",,,"Acca sellowiana tuottaa vaaleita kukkia, joissa on monta pitkää, kirkasta punertavaa staminia, myöhään keväällä tai kesäkuun alussa. Nektarikas kukat houkuttelevat hyönteisiä ja lintuja, kun taas syötävät kukkakukat lisäävät kasvin koristellisuutta.",,"Acca sellowiana on kasvaa Etelä-Brazilian, Uruguayn, Pohjois-Argentiinan ja Paraguayn korkeilla alueilla, ja tuottaa ovalisia vihreitä hedelmiä, jotka kypsyvät syksyllä.",,,,,,,,,,,
Ficus lyrata,,Fiddle-leaf fig,lyyraviikuna,G-HA 	TROOPPINEN HUONE,2487,G-HA 	TROOPPINEN HUONE,1,,x -133.89  y 9.65,,,,,,,,,,"Ficus lyrata, commonly known as the fiddle-leaf fig, is a tropical tree prized for its large, glossy, violin-shaped leaves. Its bold appearance and impressive size have made it one of the world's most popular houseplants.",,,,,,,,,y,,,,,,,,,,"Ficus lyrata, jota kutsutaan myös viululehtisaksa, on trooppinen puu, joka arvostellaan suurista, kiiltävistä, viulamaisista lehdistään. Sen voimakas ulkonäkö ja vaikuttava koko ovat tehneet siitä yksi maailman suosituimmista huonekasveista.",,,,,,,,,
Forsythia ovata,,Korean forsythia,koreanonnenpensas,P-B 	,2683,P-B 	,1,,,,,,,,"Forsythia ovata produces bright yellow flowers in early spring before the leaves emerge. The blooms appear densely along the branches, creating one of the earliest strong colour displays of the growing season.",,,,,,,,Forsythia ovata is a hardy shrub that tolerates cold winters and adapts well to different soil conditions. It is commonly planted in northern gardens because it survives reliably and flowers consistently each spring.,,yes,,,y,,,,,,"Forsythia ovata tuottaa kirkkaan keltaisia kukkia varhaisella keväällä ennen lehtien ilmestyessä. Kukkien esiintyminen on tiheää oksien pituudella, luomalla yksi varhaisista voimakkaiden värinäyttöistä kasvukauden alussa.",,,,,,,,"Forsythia ovata on kestävä pensas, joka kestää kylmät talvet ja sopeutuu hyvin erilaisiin maaperän olosuhteisiin. Se on yleisesti kasvatettu pohjoisessa, koska se selviää luotettavasti ja kukkii joka kevät.",,Kyllä,,,
Rauvolfia serpentina,,Indian snakeroot,Käärmepensas,G-HA 	TROOPPINEN HUONE,53022,G-HA 	TROOPPINEN HUONE,1,See under tags,,,,,,,,,,,,,,,,Medicinal but potent; misuse dangerous for humans.,,,,,,,,,,,,,,,,,,,"Lääkehaittava, mutta voimakas; väärinkäyttö vaarallista ihmisille.",,,,
Fragaria chiloensis,,Beach strawberry,Chilenmansikka,H-O 	HYÃ–TYKASVI OSASTO,43654,H-O 	HYÃ–TYKASVI OSASTO,1,,,,,"The berries of Fragaria chiloensis are the primary edible part of the plant, enjoyed fresh or used in jams, desserts, beverages, and preserves. The young leaves can also be brewed into herbal tea.",,,,,,,,,,,,,,,,y,,,"Fragaria chiloensisin marjojen on pääasiallinen syötävä osa kasvia, jota nautitaan raakana tai käytetään muroissa, makeissa, juomissa ja säilöissä. Nuoret lehdet voidaan myös keittää hyödylliseksi teeksi.",,,,,,,,,,,,,,,,
Fraxinus chinensis var. Rhynchophylla,,chinese ash,nirhkiinansaarni,R-O 	ARBORETUM,33717,R-O 	ARBORETUM,1,,,,,,,,,,,,,,,,,,yes,"Fraxinus chinensis subsp. rhynchophylla is a deciduous tree with a tall, upright structure and finely divided leaves. In autumn it can turn yellow to golden, adding clear seasonal colour before leaf fall.",,y,,,,,,,,,,,,,,,,Kyllä,"Fraxinus chinensis subsp. rhynchophylla on lehtipuu, jolla on pitkä, pysty rakenne ja hienosti jakautuneet lehdet. Syksyllä se voi muuttua keltaiseksi kultaiseksi, lisäämällä selkeää kaudenvaihtelua ennen lehtien laskua.",,
Fuchsia boliviana,,lantern fuchsia,bolivianverenpisara,G-HO 	KASVIHUONE OSASTO,57209,G-HO 	KASVIHUONE OSASTO,1,,x -152.22  y 1.18,,,,,,"Fuchsia boliviana is a flowering shrub native to the cloud forests of Bolivia, Peru, and Argentina. It produces long, hanging clusters of bright red, tubular flowers that can reach impressive lengths. The flowers are highly ornamental and stand out against the plant’s green foliage, creating a dramatic cascading display.",,,,,,,"Fuchsia boliviana is a flowering shrub native to the cloud forests of Bolivia, Peru, and Argentina. It is mainly pollinated by hummingbirds, which are attracted to its bright red, nectar-rich tubular flowers. As the birds feed, they transfer pollen between blooms, ensuring successful reproduction in its native cloud forest habitat.",,,,,,y,,,,,,"Fuchsia boliviana on kukkiva pensas, joka on kotoisin Bolivian, Perun ja Argentiinan pilvikerrostumista. Se tuottaa pitkiä, riippuvia kukkien ryhmiä, jotka ovat kirkkaan punaisia, putkimaisia kukkia, jotka voivat saavuttaa vaikuttavia pituutta. Kukat ovat hyvin koristelluja ja erottuvat kasvin vihreistä lehdistä, luomalla dramatisoituneen laskeutuvan näyttöön.",,,,,,,"Fuchsia boliviana on kukkiva pensas, joka on kotoisin Bolivian, Perun ja Argentiinan pilvikerrostumista. Sen pääasiallinen siitepölyä levittäjä on hummeri, joka on houkuteltu sen kirkkaan punaisen, nektari-rikkaan putkimaisen kukkien avulla. Kun lintu syö, se siirtää siitepölyä kukista toiseen, varmistamalla onnistuneen lisääntymisen luonnollisessa pilvikerrostumien elinympäristössä.",,,,,,
Geranium pratense,,Meadow crane's-bill,Kyläkurjenpolvi,K-24-5 	PUISTOKASVEJA,47662,K-24-5 	PUISTOKASVEJA,1,,,,,,,,"Geranium pratense produces violet-blue, five-petaled flowers in early to mid-summer. The blooms are held on branching stems above deeply divided leaves and create a light meadow-like display.",,,,,,,"Geranium pratense provides nectar and pollen for bees, butterflies, and other insects. Its open flowers and long blooming period make it a steady food source in grassland and garden environments.",,,,,,y,,,,,,"Geranium pratense tuottaa varhaisella kesällä tai kesäkuun puolivälissä violetin sinisiä, viisilehtisiä kukkia. Kukkien esiintyminen on oksien haaralla, ja ne luovat vaalean meadow-määrityksen.",,,,,,,"Geranium pratense tarjoaa nektaria ja siitepölyä hyönteisille, kuten mehiläisille, perhosille ja muille hyönteisille. Avoin kukka ja pitkä kukkivakaus tekevät siitä vakautta ruokavirrassa ja puutarhassa.",,,,,,
Ginkgo biloba,,Ginkgo,Neidonhiuspuu,G-HB 	KESÃ„SATEIDEN ALUE,2621,G-HB 	KESÃ„SATEIDEN ALUE,2,,x -162.85  y -8.86,,,,,,,,,"Ginkgo biloba has been cultivated for more than 1,000 years around Chinese temples and monasteries, helping preserve the species after it disappeared from most of its natural range. The tree later spread to botanical gardens around the world and gained further fame when several ginkgo trees survived the 1945 atomic bombing of Hiroshima, resprouting despite the devastation around them.",,"Ginkgo biloba leaves have been used in traditional Chinese medicine for centuries. Today, extracts are widely used in herbal supplements, although their medical benefits remain an active area of scientific research.",,,,,,,"Ginkgo biloba, native to China, is the only surviving species of an ancient group of plants that existed over 200 million years ago. Often called a ""living fossil,"" it has no close living relatives and represents one of the oldest tree lineages on Earth.",y,,,,,,,,,"Ginkgo biloba on ollut viljelty yli 1 000 vuotta Kiinan temppeleillä ja luostareilla, auttaen säilyttämään lajia sen luonnollisesta levinneisyysalueestaan. Puu myöhemmin levisi maailmanlaajuisiin kasvitieteellisiin puutarhoihin ja sai lisää mainetta, kun useita ginkgo-puita selvisi 1945 Hiroshiman atomipommin räjähdyksestä, uudelleen kasvattuaan vaikka ympärillä oleva tuho.",,"Ginkgo biloban lehdet ovat olleet käytössä perinteisessä kiinalaisessa lääketieteessä vuosisatoja. Nykyään niiden extraktit ovat laajasti käytössä luonnonlääkevalmisteissa, vaikka niiden lääkeominaisuuksista on edelleen aktiivista tieteellistä tutkimusta.",,,,,,,"Ginkgo biloba on kotoisin Kiinasta ja on vanhan kasvilajikkeen ainoa elossa oleva edustaja, joka on ollut olemassa yli 200 miljoonaa vuotta sitten. Se on usein kutsuttu ""eläväksi fossiiliksi"", sillä se ei ole läheistä sukulaisuutta elävien kasvien kanssa ja edustaa yhtä vanhaa puulajikkeen perhettä Maan pinnalla.",
Glycyrrhiza glabra,,Liquorice / licorice ,lakrtitsikasvi,Lääkekasvit / maustekasvit,,,1,,,,"Glycyrrhiza glabra, commonly known as liquorice, is a perennial plant cultivated for its sweet-tasting roots. The roots are harvested and used as a natural flavouring in sweets, drinks, and herbal preparations due to their strong, naturally sweet compounds.",,,,,,,"Glycyrrhiza glabra has been used since ancient times in regions such as Egypt, Greece, and Asia. It was valued both as a medicinal plant and a sweet flavouring long before refined sugar became widely available",,"Glycyrrhiza glabra has a long history of use in traditional medicine. Its root extracts have been used in herbal remedies for soothing the throat and supporting digestive health, and it remains an important plant in many herbal traditions today.",,,"Glycyrrhiza glabra is a hardy perennial that thrives in dry, sunny environments. Its deep root system allows it to tolerate drought conditions, making it well adapted to cultivation in semi-arid regions.",,,,,y,,"Glycyrrhiza glabra, jota kutsutaan yleisesti liikereksi, on vuosittainen kasvi, jota kasvatetaan sen makean makuisten juurien vuoksi. Juuret kerätään ja käytetään luonnollisena maustavana aineena makeissa, juomissa ja luonnonlääkevalmisteissa sen vahvojen, luonnollisesti makeiden ainesosien vuoksi.",,,,,,,"Glycyrrhiza glabra on ollut käytössä vanhastaan alueilla kuten Egyptissä, Kreikassa ja Aasiassa. Se arvostettiin sekä lääkekasvina että makeana maustavana aineena ennen kuin räätälöity sokeri tuli laajasti saataville.",,"Glycyrrhiza glabra on ollut pitkään käytössä perinteisessä lääketieteessä. Sen juurien extraktit ovat käytetty luonnonlääkevalmisteissa kurkunpään sovittamiseen ja ruoansulatusten tukemiseen, ja se on edelleen tärkeä kasvi monissa luonnonlääkeperinteissä.",,,"Glycyrrhiza glabra on kestävä vuosittainen kasvi, joka kasvaa hyvin kuivissa, aurinkoisissa ympäristöissä. Sen syvä juurijärjestelmä sallii kuivuuden kestävyyden, mikä tekee siitä soveltuvan kasvattamiseen puoliväkivaltaisilla alueilla.",,,,,
Gossypium barbadense,Malvaceae,Cotton plant,Intianpuuvilla,G-HA 	TROOPPINEN HUONE,49208,G-HA 	TROOPPINEN HUONE,1,,x -128.92  y 14.04,,,,,,,,,"Gossypium barbadense, commonly known as extra-long staple cotton or Pima cotton, is a species of cotton native to tropical South America. It was cultivated for thousands of years in regions such as coastal Peru and Ecuador, where ancient civilizations valued its exceptionally long, fine fibers for making strong and high-quality textiles.

During the colonial period, it was widely spread through global trade and became an important cash crop in plantation economies in the Caribbean and the southern United States. Like many cotton species, it was also heavily tied to the system of enslaved labour, particularly in the Americas, where enslaved people were forced to grow and harvest cotton on large plantations under brutal conditions. Today, it remains valued for luxury textiles due to its softness, strength, and durability.",,,,,,,,,,y,,,,,,,,,"Gossypium barbadense, jota kutsutaan yleisesti extra-long staple cottoniksi tai Pima cottoniksi, on kotonnan laji, joka on kotoisin trooppisesta Etelä-Amerikasta. Se on kasvatettu tuhansia vuosia alueilla kuten rannikon Perussa ja Ecuadorissa, missä vanhat sivilisaatiot arvostivat sen erityisen pitkien, kapeiden vihreiden jyvien vuoksi, joita käytettiin vahvien ja laadukkaiden tekstiilien valmistukseen.",,,,,,,,,,
Grammatophyllum speciosum,,Tiger orchid,no finnish name,Trooppinen huone,,,1,,,,,,,,"Grammatophyllum speciosum produces enormous branched flower spikes that can carry well over one hundred blossoms at a time. The yellow flowers are decorated with bold reddish-brown markings, creating a tiger-like pattern that inspired its common name, Tiger Orchid.",,,,,,,,,,,,"Grammatophyllum speciosum holds the title of the world's largest orchid. Mature plants can weigh several hundred kilograms and produce enormous flower spikes carrying over one hundred blooms, making it one of the most impressive orchids on Earth.",y,,,,,,"Grammatophyllum speciosum tuottaa suuria, haarautuneita kukkakukkia, jotka voivat kantaa yli sadan kukkaa kerrallaan. Keltakukat ovat koristeltu voimakkailla punertavilla ruskeilla merkeillä, mikä loi sen yleisen nimen, Tiikeriorkidea.",,,,,,,,,,,,"Grammatophyllum speciosum pitää maailman suurimman orkidean titteliä. Kypsät kasvit voivat painaa useita satoja kilogrammoja ja tuottaa suuria kukkakukkia, joissa on yli sadan kukkaa, mikä tekee siitä yhden maailman vaikuttavimmista orkideista.",
Helianthus annuus,,Sunflower,isoauringonkukka,Hyötykasvit,,,1,,,,"Helianthus annuus is cultivated on a commercial scale in temperate regions and ranks among the world's most important agricultural plants. Its reliable growth, high yields, and broad adaptability make it a valuable field crop.","The seeds, young shoots, leaves, flower buds, petals, and roots of Helianthus annuus are edible. The seeds are the most widely consumed, eaten raw, roasted, or processed into sunflower oil and a variety of food products.",,,"Helianthus annuus produces large, upright flower heads composed of hundreds to thousands of tiny florets surrounded by bright yellow ray petals. The blooms follow the sun during early development before facing east at maturity.",,,,,,,"The large flower heads of Helianthus annuus provide abundant nectar and pollen for bees, butterflies, hoverflies, and other pollinating insects. Hundreds of tiny florets open one after another, allowing pollinators to visit the same flower head over many days.",,,yes,,,y,,"Helianthus annuus kasvatetaan kaupallista mittakaavaa teollisuudessa lauhkeissa alueilla ja kuuluu maailman tärkeimpiin maatalouskasveihin. Sen uskottava kasvu, korkeat tuotokset ja laaja sopeutuvuus tekevät siitä arvokas peltoviljelykasvi.","Helianthus annuus -kasvin siemenet, nuoret oksat, lehdet, kukkien kehitys, heteet, heteet ja juuret ovat syötäviä. Siemenet ovat laajimmin kulutettuja, jotka syödään raakoina, paistettuina tai valmistettuina aurinkokurkun mukaan ja erilaisiin ruoanlaittoihin.",,,"Helianthus annuus tuottaa suuria, pystyä kukkakukkaa, joka koostuu satoista tuhansiin pienistä flo",,,,,,,"Helianthus annuus -sukkaset tuottavat runsaasti nektariaa ja pollenia hyönteisille, kuten mehiläisille, perhosille, kimalaisille ja muille siitepölyttäjille. Satoja pieniä floretteja avautuvat toinen toisensa jälkeen, ja siitepölyttäjät voivat käydä saman kukkason kerran toisensa jälkeen useita päiviä.",,,Kyllä,,,
Solanum dulcamara,,Bittersweet nightshade,Punakoiso,K-6-2 	TUORE JA KOSTEA LEHTO,43863,K-6-2 	TUORE JA KOSTEA LEHTO,1,See under tags,,,,,,,,,,,,,,,,Red berries resemble small tomatoes; toxic to humans and pets.,,,,,,,,,,,,,,,,,,,Punaiset marjat muistuttavat pieniä tomaatteja; myrkyllisiä ihmisten ja eläinten suhteen.,,,,
Helianthus tuberosus,,Jerusalem artichoke,maa-artisokka,H-2 	MUUT TÃ„RKKELYSKASVIT,4340,H-2 	MUUT TÃ„RKKELYSKASVIT,1,,,,"Helianthus tuberosus is cultivated as a perennial food crop grown for its underground tubers. It is planted in temperate regions and produces tall, sunflower-like plants that yield starchy tubers harvested mainly in autumn and winter.","Helianthus tuberosus has edible tubers that can be eaten raw, cooked, or roasted. They have a sweet, nutty flavour and are used in soups, salads, and vegetable dishes, though they can cause digestive sensitivity in some people.",,,"Helianthus tuberosus produces tall stems topped with bright yellow sunflower-like flowers. The plant blooms in late summer to autumn, adding ornamental value while also supporting pollinators such as bees.",,,Helianthus tuberosus is native to North America and was cultivated by Indigenous peoples long before being introduced to Europe in the 17th century. It later became a minor but widespread food crop in temperate agriculture.,,,,,,,yes,,,y,,"Helianthus tuberosus kasvatetaan yleisesti perinteisesti syötäväksi kasviksena, joka kasvaa maan alla olevista varretta. Se kasvaa lämpimissä alueissa ja tuottaa pitkiä aurinkokukkaa muistuttavia kasveja, jotka tuottavat syötäviä varretta, jotka kerätään pääosin syksyllä ja talvella.","Helianthus tuberosus -varret ovat syötäviä raakoina, keittynä tai paistettuna. Ne ovat makeita ja pähkinämaistisia ja käytetään keittoissa, salaatissa ja kasvisruoissa, vaikka ne voivat aiheuttaa ruoansulatusta hermostuneisuutta joissain ihmisissä.",,,"Helianthus tuberosus tuottaa pitkiä varret, joissa on kirkkaan keltainen aurinkokukkaa muistuttava kukka. Kasvi kukkii myöhäisessä kesällä syksyyn mennessä, lisää koristearvoa ja tukee myös siitepölyttäjiä, kuten mehiläisiä.",,,Helianthus tuberosus on kotoisin Pohjois-Amerikasta ja se kasvatettiin alkuperäiskansojen keskuudessa pitkään ennen kuin se esiteltiin Eurooppaan 1600-luvulla. Se myöhemmin muodostui vähäpätöiseksi mutta laajasti levinneeksi ruokakasviksena lämpimissä maissa.,,,,,,,Kyllä,,,
Solanum nigrum,,Black nightshade,Mustakoiso,#N/A,,,1,See under tags,,,,,,,,,,,,,,,,"Dark berries similar to edible types; some are toxic, creating confusion risk.",,,,,,,,,,,,,,,,,,,"Tummat marjat ovat samanlaisia syötäviin tyyppiin, mutta jotkut ovat myrkyllisiä, mikä aiheuttaa sekaannuksen riskiä.",,,,
Solanum spp.,,Nightshade,Koisot,#N/A,,,1,See under tags,,,,,,,,,,,,,,,,Many species contain toxins – relevant risk to humans and pets.,,,,,,,,,,,,,,,,,,,Monet lajit sisältävät myrkyllisiä ainesosia – riski ihmisten ja eläinten suhteen.,,,,
Hibiscus syriacus,,Rose of Sharon,sinihibiskus,G-HE 	LAUHKEA,17743,G-HE 	LAUHKEA,1,,x -162.14  y -11.52,,,,,,"Hibiscus syriacus, native to China and parts of East Asia, produces large, showy flowers from mid-summer into autumn. The blooms come in shades of white, pink, purple, and blue, providing colour long after many other shrubs have finished flowering.",,,,,,,"Hibiscus syriacus attracts bees, butterflies, and other pollinating insects with its nectar-rich flowers. Its late flowering period makes it an important food source when fewer plants are in bloom.",,,,"Hibiscus syriacus is valued for its large, tropical-looking flowers and long blooming season. Despite its exotic appearance, it is a deciduous shrub capable of growing in temperate climates.",,y,,,,,,"Hibiscus syriacus on kotoisin Kiinasta ja osista Itä-Aasiaa, ja se tuottaa suuria, näyttäviä kukkia kesäkuun puolivälistä syksyyn mennessä. Kukat tulevat valkoisista, pinkistä, purppurasta ja sinisistä, ja ne tarjoavat värinä myös monet muut kasvit on lopettaneet kukkivan.",,,,,,,"Hibiscus syriacus houkuttelee mehiläisiä, perhosia ja muita siitepölyttäjiä nauttiaan nektariaa rikkaista kukistaan. Myöhäinen kukkivakaus tekee siitä tärkeän ruokavirran, kun muut kasvit eivät ole kukkivina.",,,,"Hibiscus syriacus on arvostettu suurista, trooppisista näköpiirteistä ja pitkästä kukkivakaudesta. Vaikka se on eksotiikkaa näköpiirteeltään, se on lehtikuusi, joka pystyy kasvamaan lämpimissä ilmastoissa.",,
Spigelia marilandica,,Indian pink,Intiaanipunakukka,#N/A,,,1,See under tags,,,,,,,,,,,,,,,,Highly attractive red flowers; toxic if ingested.,,,,,,,,,,,,,,,,,,,"Hyvin houkuttelevat punaiset kukat; myrkyllisiä, jos niitä syödään.",,,,
Psilotum nudum,Psilotaceae,Whisk fern,Haarusanikkainen,G-HA 	TROOPPINEN HUONE,5112,G-HA 	TROOPPINEN HUONE,1,Primitive vascular plant with no true roots or leaves. Branched green shoots resembling early fossil plants. Grows in moist tropical environments.,,,,,,,,,,,,,,,,,,,,,,,,,,,,,,,,,,,,,,,
Hippophae rhamnoides 'Raisa',,Seaberry,Tyrni,H-O 	HYÃ–TYKASVI OSASTO,22589,H-O 	HYÃ–TYKASVI OSASTO,1,,,"Hippophae rhamnoides ‘Raisa’ contains aromatic oils in its berries and leaves that give the plant a distinctive fruity, slightly citrus-like scent. These natural compounds contribute to its use in juices, cosmetics, skincare products, and nutritional oils extracted from the fruit and seeds.",,"Hippophae rhamnoides ‘Raisa’ produces bright orange berries that are edible but intensely tart. They are commonly processed into juices, jams, syrups, and desserts, and are especially valued for their exceptionally high vitamin C content.",,,,,"Hippophae rhamnoides ‘Raisa’ produces abundant clusters of bright orange berries that ripen from late summer into autumn. The fruits remain attached well after ripening, providing an important food source for wildlife and a long harvesting season for growers.","Hippophae rhamnoides has been valued across Europe and Asia for centuries. Ancient Greek writers recorded that horses grazing on its leaves developed glossy coats, giving rise to the name Hippophae, meaning ""shining horse."" In northern Europe and Russia, the berries became prized for their remarkable nutritional value, while modern cultivars such as ‘Raisa’ were developed to improve fruit quality, yield, and suitability for cultivation in cold northern climates.",,,,,"Hippophae rhamnoides ‘Raisa’ is exceptionally resilient, tolerating harsh winters, drought, strong winds, and poor sandy soils. Its extensive root system also helps stabilize soil, making it useful for erosion control and coastal planting.",,,,,y,"Hippophae rhamnoides 'Raisa' sisältää aromattisia öljyjä hedelmien ja lehtien, jotka antavat kasville erityinen hedelmäinen, hieman sitrushedelmäinen tuoksu.",,"Hippophae rhamnoides 'Raisa' tuottaa kirkkaan oranssia hedelmää, joka on syötävää, mutta erittäin hapan.",,,,,"Hippophae rhamnoides 'Raisa' tuottaa runsaasti kirkkaan oranssia hedelmää, joka kypsentyy myöhäisestä kesästä syksyyn.",Hippophae rhamnoides on arvostettu Euroopassa ja Aasiassa vuosisatojen ajan.,,,,,"Hippophae rhamnoides 'Raisa' on erittäin kestävä, kestäen ankaria talvia, kuivuutta, voimakkaita tuuleja ja huonoa hiekkaista maata.",,,,,
Strychnos nux-vomica,,Strychnine tree,Stryniini puu,G-HA 	TROOPPINEN HUONE,37373,G-HA 	TROOPPINEN HUONE,1,See under tags,,,,,,,,,,,,,,,,Seeds are extremely toxic; powerful poison dangerous to humans.,,,,,,,,,,,,,,,,,,,Siemenet ovat erittäin myrkyllisiä; voimakas myrkky vaarallinen ihmisille.,,,,
Sequoia sempervirens,Cupressaceae,Coast redwood,Punapuu,G-HE 	LAUHKEA,3822,G-HE 	LAUHKEA,2,"Among the tallest trees in the world, native to California.",,,,,,,,,,,,,,,,,,,,,,,,,,,,,,,,,,,,,,,
Taxus baccata,,Yew,Marjakuusi,X-TA 	TAIMISTO,38612,X-TA 	TAIMISTO,1,See under tags,,,,,,,,,,,,,,,,Red berry-like arils appear edible; seeds inside are highly toxic to humans and animals.,,,,,,,,,,,,,,,,,,,Punertavat hedelmänmuotoiset arilit näyttävät syötäviltä; siemenet sisällä ovat erittäin myrkyllisiä ihmisille ja eläimille.,,,,
Taxus spp.,,Yew,Marjakuusi,#N/A,,,1,See under tags,,,,,,,,,,,,,,,,Highly toxic plant – serious risk to both humans and animals.,,,,,,,,,,,,,,,,,,,Hyvin myrkyllinen kasvi – vakava vaara sekä ihmisille että eläimille.,,,,
Tecoma stans,,Yellow bells,Keltakello,G-HO 	KASVIHUONE OSASTO,56187,G-HO 	KASVIHUONE OSASTO,1,See under tags,,,,,,,,,,,,,,,,Bright ornamental shrub; ingestion may cause toxicity.,,,,,,,,,,,,,,,,,,,Kirkas koristekasvi; nautinto voi aiheuttaa myrkyllisyyttä.,,,,
Hordeum vulgare,,Barley,ohra,Hyötykasvit,,,1,,,,"Hordeum vulgare, commonly known as barley, is one of the world's oldest cereal crops. It is widely cultivated in temperate regions for its grains, which are used in food production, animal feed, and the malting industry.","Hordeum vulgare produces edible grains that are cooked whole or processed into flour, flakes, and pearl barley. It is used in breads, porridges, soups, and many traditional dishes, providing an important source of dietary fibre.",,,,,,"Hordeum vulgare was first domesticated around 10,000 years ago in the Fertile Crescent, a region of the Middle East including parts of modern-day Iraq, Syria, Turkey, Iran, Israel, Palestine, Jordan, and Lebanon. It quickly became a staple crop for ancient civilizations such as the Sumerians, Egyptians, Greeks, and Romans. Barley was used not only for bread and porridge but also to brew some of the world's earliest beers, and in ancient Egypt it was so valuable that it was sometimes used to pay workers' wages.",,,,,,,"Hordeum vulgare is a seasonal cereal crop grown in cool to temperate climates. Depending on the variety, it is sown in spring or autumn and harvested once the grain heads mature during late summer.",,,y,,"Hordeum vulgare, jota kutsutaan yleisesti orjaksi, on yksi maailman vanhimmista viljelykasveista.","Hordeum vulgare tuottaa syötäviä siemeniä, jotka voidaan valmistaa kypsiksi tai jalostaa jauheeksi, kuoriksi ja orjaksi.",,,,,,"Hordeum vulgare alettiin viljellä noin 10 000 vuotta sitten Vihreässä ylängössä, jonka alueella nykyään sijaitsee osa Irakista, Syyriasta, Turkista, Iranista, Israelista, Palestiinasta, Jordanista ja Libanonista.",,,,,,,"Hordeum vulgare on kausikasvuinen kaurapuolukas, jota kasvatetaan viileissä ja lämpimissä ilmastoissa. Sen siemenet voivat olla keväällä tai syksyllä, ja viljat kypsyvät myöhäisessä kesässä.",,,
Thevetia peruviana,,Yellow oleander,Keltainen oleanteri,G-HA 	TROOPPINEN HUONE,29011,G-HA 	TROOPPINEN HUONE,1,See under tags,,,,,,,,,,,,,,,,Ornamental shrub with bright fruits and flowers; highly toxic to humans and pets.,,,,,,,,,,,,,,,,,,,"Koristekasvi, jolla on kirkkaat hedelmät ja kukat; erittäin myrkyllinen ihmisiä ja eläimiä kohtaan.",,,,
Tamarindus indica,Fabaceae,Tamarind tree,Tamarindipuu,G-HA 	TROOPPINEN HUONE,25045,G-HA 	TROOPPINEN HUONE,1,Native to Africa. Produces long pods with sweet-sour pulp widely used in cooking and drinks.,,,,,,,,,,,,,,,,,,,,,,,,,,,,,,,,,,,,,,,
Urginea maritima,,Sea squill,Merililja,G-HK 	KURSSIKASVATUS- JA KOEHUONE,2220,G-HK 	KURSSIKASVATUS- JA KOEHUONE,1,See under tags,,,,,,,,,,,,,,,,Bulb resembles edible onion; highly poisonous to humans and animals.,,,,,,,,,,,,,,,,,,,Sieni muistuttaa syötävää sipulia; erittäin myrkyllinen ihmisiä ja eläimiä kohtaan.,,,,
Urtica dioica,,Stinging nettle,Nokkonen,H-13 	KUITUKASVIT,2229,H-13 	KUITUKASVIT,2,See under tags,,,,,,,,,,,,,,,,Causes immediate skin irritation; non-toxic but defensive.,,,,,,,,,,,,,,,,,,,"Aiheuttaa välittömän ihoherkkyyden; ei myrkyllinen, mutta puolustautuu.",,,,
Hosta undulata,,No common name,kirjokuunlilja,P-O 	PUUTARHAKASVIT OSASTO,33653,P-O 	PUUTARHAKASVIT OSASTO,1,,,,,,,,"Hosta undulata produces tall flower stalks in summer with pale purple to white, bell-shaped flowers. While the blooms are relatively modest, they rise above the foliage and add seasonal interest to the plant.",,,,Hosta undulata is a shade-loving ornamental plant commonly grown in gardens and as a foliage plant. It is valued for its decorative leaves rather than flowers and is widely used in shaded landscape design.,,,,,,,"Hosta undulata is notable for its wavy, variegated leaves with green and creamy-white patterns. The foliage creates a strong visual texture in shaded areas and remains attractive throughout the growing season.",,y,,,,,,"Hosta undulata tuottaa kesäisin pitkiä kukkivartta, jotka ovat vaaleanpunertavia tai valkoisia, kellomuotoisia kukkia. Vaikka kukat ovat suhteellisen vaatimattomat, ne nousevat kasvin lehtien yläpuolelle ja lisäävät kausirikkautta kasviin.",,,,"Hosta undulata on varjoa rakastava koristekasvi, jota kasvatetaan yleisesti puutarhoissa ja lehtikasvina. Se arvostetaan koristelehtiensä vuoksi eikä kukista, ja sitä käytetään laajasti varjossa suunniteltavassa maisemamuotoilussa.",,,,,,,"Hosta undulata tunnetaan epätasaisista, varjostetuista lehtiensä vuoksi, jotka ovat vihreitä ja kermanvalkoisia. Lehtien tekstuuruus luodaan voimakkaaksi varjoalueissa ja pysyy kaunis koko kasvukauden.",,
Howea forsteriana,,Kentia palm,Pikkukentiapalmu,G-HB 	KESÃ„SATEIDEN ALUE,5248,G-HB 	KESÃ„SATEIDEN ALUE,1,,,,,,,,,,,,"Howea forsteriana, commonly known as the kentia palm, is a elegant palm native to Lord Howe Island. It is prized as an indoor plant for its arching fronds, slow growth, and exceptional tolerance of low light and indoor conditions.",,,,,,,,,y,,,,,,,,,,"Howea forsteriana, jota kutsutaan myös kentianpalmuksi, on kaunis palmu Lord Howen saarella. Se arvostetaan sisäkasvina arkoisista lehtiensä, hitaan kasvunsa ja erinomaisesta kestävyydestään alhaisessa valossa ja sisäolosuhteissa.",,,,,,,,,
Hoya carnosa,,Wax plant,posliinikukka,G-HA 	TROOPPINEN HUONE,29228,G-HA 	TROOPPINEN HUONE,1,,X: -129.59 Y: 13.12,,,,,,"Hoya carnosa produces clusters of star-shaped flowers arranged in rounded umbels. The blooms have a thick, waxy texture with a smooth, porcelain-like appearance and a symmetrical, structured form.",Hoya carnosa produces flowers with a noticeable sweet fragrance that becomes stronger as the blooms mature. The scent is most pronounced during warm conditions and tends to intensify in the evening and nighttime hours when the flowers are fully open.,,,"Hoya carnosa, the classic wax plant, is a resilient houseplant with thick, succulent leaves. It thrives on neglect, needing light. Its vining stems climb trellises or cascade beautifully from shelves.",,,,,,,,,y,,,,,,"Hoya carnosa tuottaa kuppimaisia, tähti muotoisia kukkia, jotka ovat ympyränmuotoisia. Kukat ovat paksua, kuitumaisia ja sileitä, ja niillä on symmetrinen, rakenteellinen muoto.","Hoya carnosa tuottaa havaittavan makean tuoksun, joka vahvistuu kukkien kypsyessä. Tuoksu on voimakkainta lämpimissä olosuhteissa ja intensiiviytyy illalla ja yöaikaan, kun kukat ovat täysin auki.",,,"Hoya carnosa, klassinen kuitukasvi, on kestävä sisäkasvi, jolla on paksut, kuitumaiset lehdet. Se kestää huonon hoitoa, vaatii vähän valoa. Sen kierteiset varret kiipeävät puolustimille tai laskeutuvat kauniisti pöydän reunasta.",,,,,,,,,
Humulus lupulus,,common hop,humala,H-4 	MAUSTEKASVIT,1119,H-4 	MAUSTEKASVIT,1,,,,"Humulus lupulus, commonly known as common hop, is a fast-growing climbing plant cultivated for its cone-like flowers, which are used to flavour and preserve beer, giving it its characteristic bitterness and aroma. Hops are also used in herbal products and flavourings.",,,,,,,"Humulus lupulus has been cultivated in Europe for centuries and became an essential ingredient in brewing during the Middle Ages. Its use transformed beer production by improving flavour and helping preserve the drink, making it an important crop in brewing history.",,"Humulus lupulus has long been used in traditional herbal medicine. The flower cones contain natural compounds that have been used in teas and herbal remedies, particularly for their mild calming and sleep-promoting properties.",,,,,,,,y,,"Humulus lupulus, yleisesti tunnettu yleinen humala, on nopeasti kasvava kiipeävä kasvi, jota kasvatetaan sen kupera muotoisia kukkia, jotka käytetään oluen maustamiseen ja säilöntiin antaen sen karakteristisen katkeruuden ja tuoksun. Humalaa käytetään myös luontaistuotteissa ja mausteissa.",,,,,,,"Humulus lupulus on ollut Euroopassa viljeltyä vuosisatoja ja siitä tuli keskiajalla olennainen osa olutvalmistukseen. Sen käyttö muutti olutvalmistusta parantamalla sen makuja ja auttamalla säilyvyyttä, ja se tuli tärkeäksi viljelykasviksi olutteollisuuden historiassa.",,"Humulus lupulus on pitkään ollut käytössä perinteisessä kasvislääkinnässä. Kukinnot sisältävät luonnollisia yhdisteitä, jotka ovat käytössä teissä ja kasvislääkevalmisteissa, erityisesti niiden miedon rauhoittavien ja nukkumisen edistävien ominaisuuksien vuoksi.",,,,,,,,
Hyoscyamus niger,,Black henbane,hullukaali,Lääkekasvit,,,1,,,,,,,,"Hyoscyamus niger produces pale yellow flowers with distinctive dark purple veins. Their unusual appearance, together with the plant's sticky leaves and strong odour, makes it one of the most recognizable wildflowers in its native range.",,,"Hyoscyamus niger has a long history in European and Middle Eastern cultures. It was used in traditional medicine, religious rituals, and folklore for its mind-altering effects, but its high toxicity also made it one of history's most dangerous medicinal plants.",,"Hyoscyamus niger has been used in medicine since ancient times because it contains compounds that affect the nervous system. Although these substances are valuable in modern medicine when carefully purified and dosed, the plant itself is too poisonous to be used safely as a herbal remedy.",,,,"Hyoscyamus niger, commonly known as black henbane, is a highly poisonous flowering plant native to Europe, North Africa, and western Asia. All parts of the plant contain toxic alkaloids that can cause hallucinations, paralysis, and even death if ingested.",,,,y,,,,,,"Hyoscyamus niger tuottaa vaaleankeltaisia kukkia, joilla on erikoisia tummanviolettejä juovia. Erikoisen ulkonäön yhdistettynä kasvin kuituisiin lehtiin ja voimakkaaseen tuoksuun, se on yksi tunnetuimmista villikukista kasvupaikkoissaan.",,,"Hyoscyamus niger on ollut pitkään Euroopan ja Lähi-idän kulttuurissa. Se on käytetty perinteisessä lääkinnässä, uskonnollisissa rituaaleissa ja kansanperinteessä siitä saadusta mielialamuutoksesta, mutta sen korkea myrkyllisyys teki siitä yhden historian vaarallisimmista lääkekasveista.",,"Hyoscyamus niger on ollut lääkinnässä käytössä jo antiikin ajoilta, koska se sisältää yhdisteitä, jotka vaikuttavat hermostoon. Vaikka nämä aineet ovat arvoisia nykyisessä lääkinnässä, kun niitä on puhdistettu ja annosteltu huolellisesti, kasvi itse on liian myrkyllistä, jotta sitä voitaisiin käyttää turvallisesti kasvislääkkeenä.",,,,"Hyoscyamus niger, jota kutsutaan yleisesti mustaksi hennelle, on erittäin myrkyllinen kukkiva kasvi, joka on kotoisin Euroopasta, Pohjois-Afrikasta ja Lähi-idästä. Kasvin kaikki osat sisältävät myrkyllisiä alkaloideja, jotka voivat aiheuttaa hallusinaatioita, lihasparalysia ja jopa kuolemaa, jos niitä syödään.",,,,
Iris pseudacorus,,yellow iris,keltakurjenmiekka,K-20-1 	VESI,1184,K-20-1 	VESI,1,yes,,,,,,,"Iris pseudacorus produces bright yellow flowers in late spring to early summer. The blooms are large and showy, appearing on tall stems above sword-like leaves and standing out strongly in wetland habitats.",,,,,,,"Iris pseudacorus provides nectar and pollen for insects, especially bees and other wetland-associated pollinators. Its prominent flowers help support biodiversity in marshes and along water edges.","Iris pseudacorus is a very hardy wetland plant that thrives in shallow water, marshes, and damp soils. It spreads easily through rhizomes and can tolerate flooding and variable water conditions.",,,,,y,,,,,,"Iris pseudacorus tuottaa keltaisia kukkia myöhäiskesällä. Kukat ovat suuria ja näyttäviä, ja ne kasvavat pitkillä varpuilla kuten lehdillä ja erottuvat voimakkaasti kosteikoissa.",,,,,,,"Iris pseudacorus tarjoaa nektaria ja pollenin hyönteisille, erityisesti mehiläisille ja muille kosteikkojen yhteydessä eläville hyönteisille. Sen näkyvät kukat auttavat tukevasti biodiversiteetin säilymisessä kosteikoissa ja vesirajapinnoilla.","Iris pseudacorus on hyvin kestävä kosteikkokasvi, joka kasvaa vähävedessä, kosteikoissa ja kosteilla maaperillä. Se leviää helposti rihmastoilla ja kestää tulvia ja vaihtelevia vesitilanteita.",,,,,
Isatis tinctoria,,Woad,värimorsinko,H-12 	VÃ„RIAINEKASVIT,52707,H-12 	VÃ„RIAINEKASVIT,1,,,,"Isatis tinctoria is a traditional dye crop grown for its leaves rather than its yellow flowers. The leaves are harvested, fermented, and processed to extract compounds that turn blue when exposed to air, producing natural indigo dye used in textiles and historical fabric colouring.",,,,"Isatis tinctoria produces tall stems with clusters of small yellow flowers in late spring and early summer. The flowers grow densely along the upper parts of the plant and later develop into flat, winged seed pods.",,,"Isatis tinctoria was Europe's most important source of blue dye for centuries before indigo was introduced from Asia. During the Middle Ages, towns in England, France, and Germany grew wealthy from the woad trade, and vast fields were dedicated to its cultivation. According to Roman accounts, ancient Britons were said to paint or stain their bodies blue before battle using woad, although modern historians debate how common this practice actually was. Its importance declined after cheaper indigo became widely available, but woad remains a symbol of medieval dyeing and European textile history.",,,,"Isatis tinctoria provides nectar and pollen for a variety of bees, hoverflies, butterflies, and other beneficial insects. Its masses of small flowers bloom over an extended period, making it a valuable food source in early summer.",,,,,,y,,"Isatis tinctoria on perinteinen väriviljelykasvi, jota kasvatetaan lehtiensä sijaan keltaisista kukista. Lehtiä kerätään, fermentoidaan ja käsitellään, jotta saadaan aineita, jotka muuttuvat siniseksi ilmassa, ja ne tuottavat luonnonindigoväriä tekstiileille ja historiallisille kangasvärisille.",,,,"Isatis tinctoria tuottaa pitkiä varpuja, joilla on pieniä keltaisia kukkia myöhäiskesällä ja varhaiskesällä. Kukat kasvavat tiiviisti varpujen yläosissa ja myöhemmin kehittyvät tasaisiksi, siipikarvoisiksi siitepölypölypölypölypölypölypölypölypölypölypölypölypölypölypölypölypölypölypölypölypölypölypölypölypölypölypölypölypölypölypölypölyp",,,Isatis tinctoria oli Euroopan tärkein sininen väriaine sadan vuoden ajan ennen intian kerman tuloa Aasiasta.,,,,"Isatis tinctoria tarjoaa monille hyönteisille, kuten mehiläisille, lentokärpäsläisille, perhosille ja muille hyötyhyönteisille, nautintaa ja pollen. Sen pienet kukat kukkivat pitkän ajan, tehdäkseen siitä arvokas ravinnonlähde alkukesällä.",,,,,,
Kalanchoe beharensis,,Velvet elephant ear / felt bush,Huopaitulehti,G-HF 	SUKKULENTIT,5086,G-HF 	SUKKULENTIT,1,,x -154.37  y -5.70,,,,,,,,,,,,,,,,,"Kalanchoe beharensis, or velvet elephant ear, is a succulent from Madagascar with large triangular leaves covered in dense, felt-like hairs, giving it a unique sculptural look among houseplants. Its main defence is this velvety coating, which helps reduce water loss in dry conditions and makes the leaves less appealing to herbivores.",,y,,,,,,,,,,,,,,,,,"Kalanchoe beharensis, eli karvainen norsunluun kynsi, on sukkulentti Madagaskarista, jolla on suuria kolmiolehtiä, jotka ovat tiheään karvoituksessa ja antavat sen ainutlaatuisen muodon huonekasveissa. Sen pääpuolustus on tämä karvainen pehmeys, joka auttaa vähentämään veden menetystä kuivissa olosuhteissa ja tekee lehdet vähemmän houkutteleviksi kasvinsyöjille.",,
Lagenaria siceraria,,Calabash,Pullokurpitsa eli kalebassi ,G-HO 	KASVIHUONE OSASTO,55473,G-HO 	KASVIHUONE OSASTO,1,,,,,,,,,,,"Calabash (Lagenaria siceraria) is a plant known for its hard-shelled fruit, which dries into a durable hollow vessel. It has been widely used across Africa, Asia, and the Caribbean for making containers such as bowls, ladles, and storage vessels, as well as musical instruments. It also holds cultural and spiritual significance in many traditional practices, often appearing in rituals and storytelling.",,,,,,,,,,y,,,,,,,,,"Kalabash (Lagenaria siceraria) on kasvi, joka tunnetaan kovapintaisesta hedelmästään, joka kuivuu kestäväksi tyhjäksi keraaksi. Se on ollut laajasti käytössä Afrikassa, Aasiassa ja Karibialla tehdäkseen astioita, kuten kuppoja, kulhoja ja varastokertoja, sekä soitinten. Se on myös kulttuurillista ja henkistä merkitystä monissa perinteisissä käytäntöissä, usein esiintyessä seremonioissa ja tarinoissa.",,,,,,,,,,
Linum usitatissimum,,Flax,kuitupellava,Hyötykasvit,,,1,,,,"Linum usitatissimum, commonly known as flax, is a dual-purpose crop grown in temperate regions. It is cultivated for both its seeds and its stem fibres, making it important for food production and linen textile manufacturing.","Linum usitatissimum produces edible seeds known as flaxseeds or linseeds. They are eaten whole, ground, or pressed into oil, and are used in baking, cereals, and health foods due to their high fibre and oil content.",,,,,,"Linum usitatissimum is one of the oldest cultivated plants, with evidence of use dating back over 8,000 years. It was grown in ancient Egypt, Mesopotamia, and Europe for both food and fibre. Linen made from flax was highly valued in ancient societies, used for clothing, burial wrappings, and trade. Over time, flax became a cornerstone of early textile industries, and it remains important today both in traditional crafts and modern sustainable materials.",,,,,,,yes,,,y,,"Linum usitatissimum, yleisesti tunnettu linaksi, on kaksikäsitöinen viljelykasvi lämpimissä alueissa. Se kasvaa sekä siemenestään että varren kuituista, tehdäkseen siitä tärkeää ruokatuotannossa ja linssi tekstiiliteollisuudessa.","Linum usitatissimum tuottaa syötäviä siemeniä, joita kutsutaan linseiksi tai flaksseiksi. Ne syödään kokonaisina, pahvattuina tai pressatuina öljyksi, ja käytetään leivän, kastikkeiden ja terveyshoitojen valmistuksessa niiden korkean kuitu- ja öljyisyyden vuoksi.",,,,,,"Linum usitatissimum on yksi vanhimmista viljeltyistä kasveista, jonka käytöstä on todisteita yli 8 000 vuoden takaa. Se kasvatettiin muinaisessa Egyptissä, Mesopotamiassa ja Euroopassa sekä ruoan että kuidun vuoksi. Linnet, joka valmistetaan linseistä, oli arvostettu muinaisten yhteiskuntien keskuudessa, ja käytettiin vaatteiden, hautauskäytäntöjen ja kaupankäynnin tekoa varten. Ajan myötä linne tuli varhaisen tekstiiliteollisuuden perustaksi, ja se on tärkeää edelleen perinteisissä käytäntöissä ja nykyisissä kestävissä materiaaleissa.",,,,,,,Kyllä,,,
Luffa aegyptiaca,,Sponge gourd,pesusienikurkku,G-HA 	TROOPPINEN HUONE,40500,G-HA 	TROOPPINEN HUONE,1,,,,"Luffa aegyptiaca, commonly known as sponge gourd or loofah, is a fast-growing climbing vine native to tropical Asia. It produces long, green, ridged fruits that are edible when young and widely cultivated for their mature fibrous interior, which is used as a natural sponge after drying. The plant is valued both as a food crop in some cultures and for its practical use in hygiene and cleaning products.",,,,,,,,,,,,,,,,,y,,"Luffa aegyptiaca, yleisesti tunnettu spongiaanima tai loofah, on nopeasti kasvava kiipeävä ruohovartinen kasvi tropiikin Aasiasta. Se tuottaa pitkiä, vihreitä, karvoittuneita hedelmiä, jotka ovat syötäviä nuorena ja laajasti viljeltyjä niiden kuivattujen sisäisten kuidun vuoksi, jota käytetään luonnonkäyttöisena spongia. Kasvi on arvostettu sekä ruokakasvina että käyttökasvina hygieniassa ja puhdistusaineissa.",,,,,,,,,,,,,,,,,
Malus domestica 'Lepaan Meloni',,Apple tree,omenapuu,H-O 	HYÃ–TYKASVI OSASTO,19018,H-O 	HYÃ–TYKASVI OSASTO,1,,,,Malus domestica ‘Lepaan Meloni’ is a Finnish apple cultivar grown as a temperate fruit crop. It originates from an old orchard in Lepaa and is cultivated for its hardy growth and distinctive fruit qualities in cooler climates.,"Malus domestica ‘Lepaan Meloni’ produces small to medium apples eaten fresh. The fruits are pale yellow, sweet, and acid-free with a light melon-like aroma, valued for their flavour and high vitamin C content.",,,,,,"Malus domestica ‘Lepaan Meloni’ is a historic Finnish apple cultivar found in an old orchard in Lepaa, with origins believed to date back to the early 19th century. It is particularly valued for its strong winter hardiness, making it well adapted to northern climates. It is also considered a good pollinator, contributing to the productivity of other apple cultivars.",,,,,,,yes,,,y,,"Malus domestica ‘Lepaan Meloni’ on suomalainen omenalajike, joka kasvaa lämpimissä alueissa. Se on peräisin vanhasta puutarhasta Lepaassa ja kasvatetaan kestävyytensä ja erikoistuneiden hedelmien ominaisuuksien vuoksi kylmässä ilmastossa.","Malus domestica ‘Lepaan Meloni’ tuottaa pieniä tai keskikokoisia omenia, jotka syödään suoraan. Hedelmät ovat vaaleankeltaisia, makeita ja happamattomia, ja niillä on kevyt melonin kaltainen tuoksu, jota arvostetaan niiden makuun ja korkeaan C-vitamiinipitoisuuteen.",,,,,,"Malus domestica ‘Lepaan Meloni’ on historiallinen suomalainen omenalajike, joka",,,,,,,Kyllä,,,
Maranta leuconeura 'Kerchoviana',,Red prayer plant,paavonnukkumatti,G-HA 	TROOPPINEN HUONE,4917,G-HA 	TROOPPINEN HUONE,1,,x -134.89  y 21.37,,,,,,,,,,"Maranta leuconeura, commonly known as the prayer plant, is a tropical species native to Brazil. It is known for its leaves that fold upward at night and spread during the day, a movement that resembles hands in prayer.",,,,,,,,,y,,,,,,,,,,"Maranta leuconeura, jota kutsutaan usein rukouskasviksi, on trooppinen laji, joka on kotoisin Brasiliasta. Se tunnetaan lehtiensä siirtyvän ylös öisin ja laajenemisesta päivällä, liikkeessä, joka muistuttaa rukousasentoa.",,,,,,,,,
Menispermum dauricum,,Asian moonseed,Aasiankilpikierto,R-O 	ARBORETUM,14331,R-O 	ARBORETUM,1,,,,,,,,,,,,,,,,,"Menispermum dauricum is a fast-growing climbing vine with large heart-shaped leaves that can quickly cover structures in gardens. It produces clusters of dark blue-black berries in late summer, and all parts of the plant are considered toxic if ingested.",,,,y,,,,,,,,,,,,,,,"Menispermum dauricum on nopeasti kasvava kiipeävä ruohovartinen kasvi, jolla suuret sydänmuotoiset lehdet, jotka voivat nopeasti peittää rakennelmia puutarhoissa.",,,,
Mentha x piperita,,peppermint,piparminttu,H-O 	HYÃ–TYKASVI OSASTO,34290,H-O 	HYÃ–TYKASVI OSASTO,1,,,"Mentha × piperita (peppermint) is a highly aromatic herb known for its strong menthol scent produced in its leaves. The fragrance is released when the leaves are crushed or bruised and is widely used in teas, essential oils, cosmetics, and flavourings.","Mentha × piperita (peppermint) is a fast-growing herb cultivated as a crop for its aromatic leaves. It is widely grown in gardens and agriculture for harvesting and processing into teas, essential oils, and flavouring products.","Mentha × piperita (peppermint) is an edible herb whose leaves are used fresh or dried in foods and drinks. It is commonly added to teas, desserts, and savoury dishes for its cooling mint flavour.",,,,"Mentha × piperita is highly aromatic, producing a strong menthol scent from its leaves. This fragrance is a key reason for its widespread use in teas, cosmetics, oral care products, and essential oils.",,,,"Mentha × piperita has a long history of use in traditional medicine. Its essential oils, particularly menthol, are used for their cooling and soothing effects and are commonly found in herbal remedies for digestion and respiratory comfort.",,,,,,,,y,"Mentha × piperita tuoksuu voimakkaasti ja on tunnettu mentoli tuoksunsa vuoksi. Tuoksu vapautuu lehtien murtumisesta tai vahingoittumisesta ja sitä käytetään laajasti teissä, peräisinä öljyissä, kosmetiikassa ja maustein.","Mentha × piperita on nopeasti kasvava kasvi, jota kasvatetaan viljelykasvina tuoreiden lehtien vuoksi. Se kasvaa laajasti puutarhoissa ja maataloudessa, josta lehtiä kerätään ja jalostetaan teiksi, öljyiksi ja maustein.","Mentha × piperita on syötävä kasvi, jonka lehtiä käytetään ruoassa ja juomissa. Se on yleinen lisäaineena teissä, makeisissa ja savuisissa ruokalajeissa mentulin kylmän makuunsa vuoksi.",,,,"Mentha × piperita on voimakkaasti tuoksuvaa, tuottaa mentoli tuoksunsa lehtien kautta. Tämä tuoksu on yksi syy sille, että sitä käytetään laajasti teissä, kosmetiikassa, suuhygieniassa ja peräisinä öljyissä.",,,,"Mentha × piperita on pitkään ollut käytössä perinteisessä lääketieteessä. Sen peräisinä öljyissä, erityisesti mentolissa, käytetään kylmän ja rauhoittavan vaikutuksen vuoksi. Niitä käytetään yleisesti kasvissyöpä- ja hengitystieongelmien hoitoon.",,,,,,,,
Metasequoia glyptostroboides,Cupressaceae,Dawn redwood,Kiinanpunapuu,G-HB 	KESÃ„SATEIDEN ALUE,43843,G-HB 	KESÃ„SATEIDEN ALUE,1,,x -129.38  y 10.51,,,,"Metasequoia glyptostroboides, commonly known as the dawn redwood, is a fast-growing conifer native to China. It was believed to be extinct and known only from fossils until living trees were discovered in the 1940s in remote valleys of Hubei province, marking one of the most significant botanical rediscoveries of the 20th century. It is considered vulnerable in the wild due to its very limited natural range, habitat loss, and small remaining populations, but it has been widely propagated and planted in botanical gardens and landscapes around the world, greatly supporting its long-term survival.",,,,,"Metasequoia glyptostroboides, commonly known as the dawn redwood, is a conifer from China with a remarkable scientific history. It was first known only from fossils and was believed to have been extinct for millions of years, known only from ancient rock records. In the 1940s, living trees were unexpectedly discovered in remote valleys of Hubei province, an event that shocked the scientific community and became one of the most important botanical rediscoveries ever made.

This discovery helped scientists better understand ancient forests and how plant species can survive major climate shifts over long periods of time. It showed that some “extinct” species can survive in small hidden areas, waiting to be found. The discovery also led to rapid conservation efforts, seed collection, and global cultivation in botanical gardens, helping secure the survival of the species after it was nearly lost to history.",,,,,,,,,,y,,,,"Metasequoia glyptostroboides, jota kutsutaan auringonpunaiseksi mäntyksi, on nopeasti kasvava havupuu, joka on kotoisin Kiinasta. Se uskottiin olevan hävinnyt ja tunnettiin vain fossiileista, kunnes eläviä puut löydettiin 1940-luvulla Hubein maakunnan salametsissä, mikä oli yksi 1900-luvun merkittävimmistä kasvitieteellisistä löydöistä. Se on luokiteltu uhanalaiseksi villissä luonnossa sen kapean luontaisen levinneisyyden, elinalueiden menetyksen ja pienien jäljellä olevien populaatioiden vuoksi, mutta se on laajalti jalostettu ja kasvatettu kasvitieteellisissä puutarhoissa ja maisemissa ympäri maailmaa, mikä on suuri avuksi sen pitkäaikaiselle säilymiselle.",,,,,"Metasequoia glyptostroboides, jota kutsutaan auringonpunaiseksi mäntyksi, on Kiinasta kotoisin oleva havupuu, jolla on merkittävä tieteellinen historia. Se tunnettiin vain fossiileista ja uskottiin olevan hävinnyt miljoonien vuosien ajan, kunnes eläviä puut löydettiin 1940-luvulla Hubein maakunnan salametsissä, mikä oli yksi merkittävimmistä kasvitieteellisistä löydöistä.",,,,,,,,,,
Monstera deliciosa,,Swiss cheese plant,Jättipeikonlehti,G-HA 	TROOPPINEN HUONE,2472,G-HA 	TROOPPINEN HUONE,1,,x -135.27  y 14.76,,,,,,,,This iconic fenestrated giant yields a rare tropical fruit tasting like pineapple and mango. It takes a year to mature and is only safe to eat when the outer green scales naturally flake off.,,"Monstera deliciosa brings a lush tropical character to indoor spaces with its large, deeply fenestrated leaves. As it matures, the foliage becomes increasingly dramatic, rewarding growers with ever more intricate patterns.",,,,,"Familiar indoor plant; causes strong irritation if eaten, common risk for pets.",,,,y,,,,,,,,"Tämä ikoni tuottaa harvinaista trooppista hedelmää, joka maistuu ananasta ja mangosta. Sen kypsytys kestää vuoden, ja se on turvallista syödä vasta, kun ulkokuori luonnollisesti irtoaa.",,"Monstera deliciosa tuo rikkaan trooppisen ilmeen sisätiloihin suurien, syvään fenestraattien lehtiensä avulla. Kun se kasvaa vanhemmaksi, lehtien muoto muuttuu yhä dramatisemmin, ja kasvattajat palkitaan yhä monimutkaisemmilla muodoilla.",,,,,"Tämä tuttu sisäkasvi aiheuttaa voimakasta allergista reaktiota, jos sitä syödään, ja se on yleinen vaara eläimille.",,,,
Musa acuminata 'Dwarf Cavendish',,Dwarf Cavendish banana,Kääpiöbanaani / Kanarianbanaani,G-HA 	TROOPPINEN HUONE,2471,G-HA 	TROOPPINEN HUONE,1,,x -139.24  y 6.72,,"Musa acuminata ‘Dwarf Cavendish’ is a widely cultivated tropical fruit crop grown in commercial plantations. It is propagated from rhizomes and valued for its reliable production of bananas in warm, humid growing regions.","Musa acuminata ‘Dwarf Cavendish’ produces large bunches of sweet, seedless bananas that are eaten fresh or used in desserts, baking, and processed foods. It is one of the most common commercial banana varieties globally.",,,,,Musa acuminata ‘Dwarf Cavendish’ is a fruit-bearing plant that develops large hanging bunches of bananas after flowering. Each plant produces one main fruiting stem before dying back and regenerating from its rhizome system.,,,,,,,,,,,y,,"Musa acuminata ‘Dwarf Cavendish’ on laajasti viljelty trooppinen hedelmäkasvi, jota kasvatetaan kaupallisten kasvihuoneiden tuotannossa. Se jalostetaan ruokosukkasista ja arvostetaan luotettavasta banaanien tuotannosta lämpimissä ja kosteissa kasvupaikoissa.","Musa acuminata ‘Dwarf Cavendish’ tuottaa suuria, hedelmättömiä banaaneja, jotka syödään suoraan tai käytetään makeisissa, leivonnaisissa ja jalostetuissa tu",,,,,"Musa acuminata 'Dwarf Cavendish' on kasvaa hedelmälliseksi kasviksi, joka kehittää suuria, vaaleanvihreitä banaanipaloja kukinnan jälkeen. Kasvi tuottaa yhden päähedelmäpalkon ennen kuin se kuolee takaisin ja uudistuu juurakkomuodostumastaan.",,,,,,,,,,,
Musa textilis,,Abacá,Manilahamppu,G-HA 	TROOPPINEN HUONE,17776,G-HA 	TROOPPINEN HUONE,1,,x -135.97  y 8.45,,"Musa textilis, commonly known as abacá or Manila hemp, is a banana relative native to the Philippines. It is cultivated not for edible fruit but for its strong leaf fibers, which are extracted from the plant’s pseudostems. These fibers are highly durable and resistant to saltwater, making them valuable for ropes, marine cordage, and specialty paper products.",,,,,,,,,,,,,,,,,y,,"Musa textilis, joka tunnetaan yleisesti abacana tai Manilan pellavana, on banaanin sukulainen, joka on kotoisin Filippiineistä. Se kasvatetaan ei hedelmien syötäviksi vaan vahvoista lehtivillastaan, jotka poistetaan kasvin pseudovarsiasta. Ne ovat erittäin kestäviä ja vastustavat suolavettä, mikä tekee niistä arvokkaita roppaköysiin, meriköysiin ja erikoispaperin tuotteisiin.",,,,,,,,,,,,,,,,,
Nepenthes 'Miranda',,Pitcher plant,Riippakannukasvi,Trooppinen huone,,,1,,X: -132.28 Y:19.55,,,,,,,,,,Nepenthes × miranda is a horticultural hybrid created by growers to combine the desirable traits of two tropical pitcher plants. Its vigorous growth and spectacular pitchers have made it one of the most popular carnivorous houseplants.,,,,,,,,"Nepenthes are predatory wonders of nature. Their hanging pitchers contain a lethal pool of digestive fluids that aggressively dissolves unsuspecting prey, making them a beautifully striking menace.",y,,,,,,,,,,"Nepenthes × miranda on kasvattajien luoma hortikulttuurinen hybridikasvi, joka yhdistää kahden trooppisen pölypönttökasvin haluttavat ominaisuudet. Sen voimakas kasvu ja spektakulaarit pölypönttöt ovat tehostaneet sen yhdeksi suosituimmista kasveista, joita kasvatetaan sisällä.",,,,,,,,"Nepentheet ovat luonnon pedot. Niiden vaaleanvihreät pölypöntöt sisältävät myrkyllisen, hengittämättömän nesteen, joka aggressiivisesti hajoittaa sattuneita saaliita, tehdäkseen niistä kauniin, vaarallisen uhkan.",
Nephrolepis exaltata,,Boston fern,kaarisulkasaniainen,G-HA 	TROOPPINEN HUONE,3892,G-HA 	TROOPPINEN HUONE,1,,,,,,,,,,,"In 1894, a florist in Cambridge, Massachusetts, discovered a unique mutant hidden inside a shipment of wild sword ferns sent from Philadelphia. Unlike the native tropical parent plant, which grew rigidly upright, this natural genetic variation featured wider, gracefully arching fronds. Officially named Nephrolepis exaltata 'Bostoniensis', it became an instant sensation. Because it easily tolerated the dim, soot-filled air of Victorian parlors, it became the ultimate era status symbol. Placed on tall pedestals or in hanging baskets, it revolutionized indoor gardening.","Lush, feathery green fronds arch gracefully to create a dense, vibrant canopy on this classic, timeless fern. It thrives in bright, indirect light and loves high humidity with consistently moist soil.",,,,,,,,,y,,,,,,,,,"Vuonna 1894, kruununhoitaja Cambridgessa, Massachusettsissa, löysi yksilöllisen mutaation, joka piili villien terälehtikasvien toimituksessa Philadelphiasta. Erikoisesta genetiikastaan huolimatta, joka kasvatti alkuperäistä trooppista vanhempaa kasvia, joka kasvoi kireästi ylöspäin, tämä luonnollinen geenivaihtelu oli laajempi ja kauniisti kaartuva. Virallisesti nimetty Nephrolepis exaltata 'Bostoniensis', se tuli välittömästi suosituksi. Sen helppo kesto pimeissä, savuissa täynnä olevissa huoneissa teki siitä aikansa statussymbolin. Sijoitettuna korkeille jalustoihin tai kasaan, se muutti sisäkasvatuskulttuurin.","Runsas, höyhenmäinen vihreä lehtiruusuke kaartuu kauniisti luodakseen tiheän, elävän kanopiin tämän klassisen, ikuisen lehtikasvin. Se kukoistaa valoisassa, epäsuorassa valossa ja rakastaa korkeaa kosteutta sekä jatkuvasti kostean maaperän.",,,,,,,,,
Nymphaea tetragona,,Pygmy water-lily,Suomenlumme,G-HA 	TROOPPINEN HUONE,5511,G-HA 	TROOPPINEN HUONE,1,,,,,,,,"Nymphaea tetragona produces small, floating white to pale pink water lily flowers that open on the surface of still water during summer. The blooms are delicate and short-lived, typically opening during the day and closing at night.",,,,,,"Nymphaea tetragona is native to parts of northern Europe, Asia, and North America. It grows naturally in shallow ponds, lakes, and slow-moving waters in cool temperate and subarctic regions.",Nymphaea tetragona provides nectar and pollen for aquatic and semi-aquatic insects. Its floating flowers attract small beetles and flies that help with pollination in still-water ecosystems.,"Nymphaea tetragona is adapted to cold climates and can survive in shallow, freezing waters. It thrives in stable freshwater environments and returns each season from submerged rhizomes after winter dormancy.",,,,,y,,,,,,"Nymphaea tetragona tuottaa pieniä, vaaleanvalkoisia tai vaaleanpunertavia vesikukkia, jotka avautuvat pinnan pinnalla veden pinnalla kesäisin. Kukat ovat hienostuneita ja lyhytikäisiä, yleensä avautuvat päivällä ja suloontuvat yöllä.",,,,,,"Nymphaea tetragona on kotoisin osista pohjoista Eurooppaa, Aasiaa ja Pohjois-Amerikkaa. Se kasvaa luonnostaan syvissä lammikoissa, järveissä ja hitaasti virtaavissa vesissä kylmien ja subarktisten alueiden alueilla.","Nymphaea tetragona tarjoaa nektaria ja pollen akvaattisille ja puolivirtaaville hyönteisille. Sen vaaleanvihreät kukat houkuttelevat pieniä kovakuoriaisia ja lentokalibereita, jotka auttavat siitepölyäntöä veteen.","Nymphaea tetragona on sopeutunut kylmään ilmastoon ja voi selviytyä syvissä, jäätyneissä vesissä. Se kukoistaa vakaiden vesistöjen ympäristöissä ja palaa joka kerta talvikuivuuden jälkeen alimmista juurakkomuodostumistaan.",,,,,
Oryza sativa,,Asian cultivated rice,Riisi,G-HA 	TROOPPINEN HUONE,32999,G-HA 	TROOPPINEN HUONE,1,,x -132.63  y 19.37,,"Oryza sativa, commonly known as Asian rice, is a major agricultural crop grown in flooded paddies. It requires warm, water-rich conditions and is highly dependent on irrigation and seasonal cycles. It has been selectively bred for thousands of years into many varieties adapted to different climates and farming systems.","The grains of Oryza sativa, also known as rice, are eaten as a staple food across many regions. It is one of the most consumed staple foods worldwide and a major part of the diet for billions of people.le.",,,,,,,,,,,,,,,,y,,"Oryza sativa, joka tunnetaan yleisesti Aasian riisiksi, on merkittävä maatalouskasvi, joka kasvaa tulvatuotannossa. Se vaatii lämpimät, vettikin rikkaat olos","Orysa sativa, eli riisi, on yksi maailman yleisimmistä ruokasäilöistä, jota syödään monilla alueilla.",,,,,,,,,,,,,,,,
Pachypodium lamerei,,Madagascar palm,aavikkopaksujalka,Sukkulentit,,,1,,x -156.90  y -5.25,,,,,,,,,,,,,,,"The Madagascar palm is protected by long, sharp spines that can easily puncture skin. If damaged, it also releases a toxic milky sap that may irritate the skin and eyes and is poisonous if ingested by people or pets.",,"Pachypodium lamerei, commonly known as the Madagascar palm, is a succulent plant native to Madagascar. It has a tall, spiny trunk and a cluster of long, narrow leaves at the top. It is adapted to dry environments by storing water in its thick stem and using its spines for protection against herbivores.",,y,,,,,,,,,,,,,,,"Madagaskarin palmu on suojattu pitkillä, terävillä piikeillä, jotka voivat helposti pistää ihoa. Jos sitä vahingoittuu, se päästää myös myrkyllistä, valkoista nestettä, joka voi ärsyttää ihoa ja silmiä ja on myrkyllistä, jos sitä syödään ihmisten tai eläinten kanssa.",,"Pachypodium lamerei, jota kutsutaan usein Madagaskarin palmuksi, on kasvi, joka kasvaa Madagaskarilla. Se on kookas, piikkikasvuinen runko ja kasa pitkiä, kapeita lehtiä yläpuolella. Se on sopeutunut kuivuuteen tallaamalla vettä paksussa rungossa ja käyttäen piikejä suojaamassa kasveja herbivooreilta.",,
Parthenocissus henryana,,Chinese Virginia-creeper,Kiinanvilliviini,G-HE 	LAUHKEA,18326,G-HE 	LAUHKEA,1,,x -166.55  y -10.18,,,,,,,,,,,,,,,,,"Parthenocissus henryana is a climbing vine native to China, known for its highly decorative foliage. Its leaves are green on the upper side and often flushed with deep red or purple underneath, creating a striking two-tone effect, especially when the wind moves them. The leaves also feature silver-white veining and turn vivid red in autumn. The plant climbs using tendrils with adhesive pads, allowing it to attach to walls and surfaces.",,y,,,,,,,,,,,,,,,,,"Parthenocissus henryana on kiipeävä kasvi, joka on kotoisin Kiinasta, tunnettu korkeasta koristevaluutensa vuoksi. Sen lehdet ovat vihreitä yläpuolelta ja usein punertavia tai purppuranvärinen alapuolelta, luodakseen vaikutelman kaksivärisyydestä, erityisesti kun tuuli liikuttaa niitä. Lehdet myös sisältävät hopeanvalkoista risteilyä ja muuttuvat kirkkaan punertaviksi syksyllä. Kasvi kiipeää käyttäen kiinnittyviä piikejä, jotka mahdollistavat sen kiinnittymisen seinille ja pintoille.",,
Philadelphus schrenkii,,Schrenk’s mock-orange,siperianjasmike,R-O 	ARBORETUM,26228,R-O 	ARBORETUM,2,,,,,,,,"Philadelphus schrenkii produces abundant white, four-petaled flowers in early to midsummer. The blooms are often clustered along the branches and create a strong seasonal display.","Philadelphus schrenkii is strongly scented during flowering, with a sweet, orange-blossom-like fragrance that becomes more noticeable in warm weather and evenings.",,,,,,,,,,,,y,,,,,,"Philadelphus schrenkii tuottaa runsaasti valkoisia, nelilapaisia kukkia varhais- ja kesäisin. Kukat ovat usein ryhmittäin oksilla ja luovat voimakkaan kausikuvan.","Philadelphus schrenkii on voimakkaasti tuoksuva kukkien aikaan, jolloin se tuottaa makean, oranssivihreän tuoksun, joka tuntuu enemmän lämpötilan nousun ja illan aikana.",,,,,,,,,,,,
Philodendron melanochrysum,,No common name just refered to as melanochrysum,No common name just refered to as melanochrysum,G-HA 	TROOPPINEN HUONE,12480,G-HA 	TROOPPINEN HUONE,1,,,,,,,,,,,,"Philodendron melanochrysum is a tropical climbing plant famous for its large, velvety dark-green leaves highlighted by striking golden veins. Native to the rainforests of Colombia, it is highly prized by plant collectors and can develop leaves over a meter long when mature.",,,,,,,,,y,,,,,,,,,,"Philodendron melanochrysum on trooppinen kiipeävä kasvi, joka tunnetaan suurista, pehmeistä tummanvihreistä lehdistä, jotka koristuvat vaalean kultaisilla risteilyillä. Kasvi on kotoisin Kolumbian sademetsistä ja on korkeasti arvostettu kasvitieteilijöiden keskuudessa. Se voi kehittyä pitkiä lehtiä, jopa yli metrin mittaisia, kun se on täysikasvuinen.",,,,,,,,,
Phoenix dactylifera,,Date palm,Välimerentaateli,First room of Julia,36842,G-HA 	TROOPPINEN HUONE,1,,x -160.81  y 0.88,,,"Phoenix dactylifera produces nutritious dates that are eaten fresh or dried. Rich in natural sugars and fibre, they are widely used as a snack and in desserts, baking, and traditional cuisine.",,,,,"Phoenix dactylifera, native to the Middle East and North Africa, is cultivated for its clusters of sweet dates. The plum-sized fruits ripen from yellow to reddish-brown and become sweeter as they naturally dry.","Phoenix dactylifera is one of the world's oldest cultivated fruit plants. It was likely grown in Babylon over 8,000 years ago, with confirmed cultivation in ancient Egypt about 5,000 years ago. For thousands of years, dates have been a staple food across the Middle East and North Africa, valued for their long storage life and high energy content.",,,,,,,,,,y,,,"Phoenix dactylifera tuottaa ravitsevaa hedelmää, jota syödään raakana tai kuivattuna. Se on rikkaassa luonnollisessa sokerissa ja kuidussa, ja sitä käytetään laajasti ruokana ja makeutusaineena, leivänvalmistuksessa ja perinteisessä ruokakulttuurissa.",,,,,"Phoenix dactylifera, joka on kotoisin Lähi-idästä ja Pohjois-Afrikasta, kasvatetaan hedelmänsä kerroksista. Hedelmät ovat marjapuun kokoluokkaa ja kypsyvät keltaisesta punertavaksi ja muuttuvat makeammaksi kuivuessaan luonnollisesti.","Phoenix dactylifera on yksi maailman vanhimmista kasvatettavista hedelmäkasveista. Se on todennäköisesti kasvatettu Babylonissa noin 8 000 vuotta sitten, ja sen kasvatus on vahvistettu myös muinaisessa Egyptissä noin 5 000 vuotta sitten. Tuhat vuotta kestäneen ajan ajan hedelmät ovat olleet perusruokaa Lähi-idässä ja Pohjois-Afrikassa, arvostettuja pitkän säilyvyytensä ja korkean energian sisällönsä vuoksi.",,,,,,,,,,
Picea abies f. pendula,,Weeping spruce,surukuusi,Behind annuals,,,1,yes,,,,,,,,,,,,,"Picea abies f. pendula is native to Finland as a form of the Norway spruce. It occurs in northern and central European forests, where the species is a dominant conifer in cold, boreal ecosystems.",,"Picea abies f. pendula is extremely hardy and well adapted to cold climates, including Finnish winters. It tolerates snow, frost, and poor soils, making it a long-lived and reliable conifer in northern environments",,,"Picea abies f. pendula has a distinctive weeping growth habit, with long hanging branches that cascade downward instead of growing upright. This unusual form makes it a strong ornamental feature in parks and large gardens.",,y,,,,,,,,,,,,"Picea abies f. pendula on kotoisin Suomesta, joka on Norjan mäntyjen muoto. Se esiintyy Pohjois- ja Keski-Euroopan metsissä, missä laji on kylmien, boreaisten ekosysteemien dominoiva mänty.",,"Picea abies f. pendula on erittäin kestävä ja sopeutunut kylmään ilmastoon, mukaan lukien suomalaiset talvet. Se kestää lumetta, kylmää, ja huonoa maaperää, mikä tekee siitä pitkäikäisen ja luotettavan mänty Poh",,,"Picea abies f. pendula on tunnetaan erikoisesta, alasuuntaisesta kasvutavastaan, pitkillä, alasuuntaisilla oksilla, jotka laskeutuvat alas sijaan kasvavan pystyyn.",,
Pinguicula vulgaris,,Common butterwort,Siniyökönlehti,K-10 	LÃ„HDEPURO,23149,K-10 	LÃ„HDEPURO,1,,,,,,,,,,,,,,,,"Pinguicula vulgaris is resilient, thriving in cold, wet habitats such as bogs and fens. It survives in nutrient-poor, constantly moist peatlands by trapping insects, allowing it to grow where many plants cannot compete.",,,,"Pinguicula vulgaris is a carnivorous plant that uses sticky, glandular leaves to trap and digest small insects. This adaptation helps it survive in nutrient-poor bog and wetland environments.",y,,,,,,,,,,,,,,"Pinguicula vulgaris on kestävä, ja se elää kylmien, kosteiden elinoloihin kuuluvissa soissa ja suokasvustoissa. Se selviää ravinnepuutteisissa, jatkuvasti kosteissa turpeillaan kasvavilla alueilla saalistamalla hyönteisiä, mikä mahdollistaa kasvun paikoissa, joissa monet kasvit eivät voi kilpailla.",,,,"Pinguicula vulgaris on kasvissyöjäkasvi, joka käyttää kiinteitä, kudostuotteita tuottavia lehtiä hyönteisten pyytämiseen ja niiden hajottamiseen. Tämä sopeutuminen auttaa sitä selviytymään ravinnepuutteisissa soissa ja kosteissa metsämaastoissa.",
Pinus cembra,,Swiss stone pine,Sembramänty,H-O 	HYÃ–TYKASVI OSASTO,16431,H-O 	HYÃ–TYKASVI OSASTO,1,,,,,,,,,,,,,,,,"Pinus cembra is highly resilient, able to survive extreme alpine conditions including severe frost, heavy snow, strong winds, and nutrient-poor rocky soils. It grows slowly but remains stable and long-lived in harsh environments.",,,,,y,,,,,,,,,,,,,,"Pinus cembra on hyvin kestävä, ja se selviää äärimmäisillä alppiympäristöissä, mukaan lukien paksu jää, raskas lumi, voimakkaat tuulet ja ravinnepuutteiset kivisemat. Se kasvaa hitaasti, mutta pysyy vakaina ja pitkäikäisinä hankalissa ympäristöissä.",,,,,
Piper nigrum,Piperaceae,Black pepper,Pippuri,G-HA 	TROOPPINEN HUONE,1781,G-HA 	TROOPPINEN HUONE,1,,x -141.18  y 5.69,,"Piper nigrum is a tropical climbing vine cultivated for its fruit, which is processed into black, white, and green pepper. It is one of the world’s most widely used spices, valued for its pungent, spicy flavour in cooking across many cultures.",,,"Piper nigrum is native to the tropical regions of South India and is often considered an exotic spice plant in temperate climates. Its cultivation requires warm, humid conditions and support structures for climbing growth, making it distinct from many common temperate crops.",,,,"Piper nigrum has been traded for thousands of years and was once one of the most valuable spices in the world. It played a major role in ancient trade routes between Asia, the Middle East, and Europe and was a key driver of early global commerce.",,,,,,,,,,y,,"Piper nigrum on trooppinen kiipeävä ruoho, jota kasvatetaan hedelmänsä vuoksi, joka jalostetaan mustaksi, valkoiseksi ja vihreäksi pippuriksi. Se on yksi maailman laajasti käytetyimmistä mausteista, ja se arvostetaan paksun, pippurisen makuistaan keittokäytössä monien kulttuurien keskuudessa.",,,"Piper nigrum on kotoisin trooppisista alueista Etelä-Intiasta, ja se on usein pidetty eksotiisena maustekasvina lauhkeissa ilmastoissa. Sen kasvatus vaatii lämpimiä, kosteita olosuhteita ja kiipeilykasvun tukirakenteita, mikä tekee siitä poikkeavan monista yleisistä lauhkeiden ilmaston viljelykasveista.",,,,"Piper nigrum on ollut kaupankäynnin kohteena tuhansia vuosia ja oli kerran yksi maailman arvokkaimmista mausteista. Se pelasi keskeinen rooli vanhoissa kauppareiteillä Aasiassa, Lähi-idässä ja Euroopassa ja oli yksi varhaisista globaali kaupankäynnin ajajista.",,,,,,,,,,
Prunus cerasus ‘Latvian Matala’,,Sour cherry,Hapankirsikka,Hyötykasvit (marjapensaat),,,1,,,,Prunus cerasus ‘Latvian Matala’ is a sour cherry fruit crop grown in temperate regions. It is cultivated in gardens and orchards for its reliable production of tart cherries suited for cooking and processing.,"Prunus cerasus ‘Latvian Matala’ produces edible sour cherries that are too tart for most people to eat fresh but excellent for cooking. The fruits are commonly used in pies, jams, juices, and desserts where their acidity is balanced with sugar.",,,Prunus cerasus ‘Latvian Matala’ produces clusters of white blossoms in spring before the leaves are fully developed. The flowers create a strong seasonal display and develop into fruit during the summer months.,,Prunus cerasus ‘Latvian Matala’ is a fruit-bearing cherry tree that produces medium-sized sour cherries in summer. The fruits grow in clusters on short stems and ripen to a deep red colour when ready for harvest.,,,,,,"Prunus cerasus ‘Latvian Matala’ is a hardy sour cherry cultivar well adapted to cooler climates. It tolerates frost and performs reliably in northern growing conditions, making it suitable for home gardens in cold regions.",,yes,,,y,,"Prunus cerasus 'Latvian Matala' on kirsikkaa tuottava hedelmäkasvi lauhkeissa ilmastoissa. Se kasvatetaan puutarhoissa ja puutarhoissa sen luotettavan tuotannon vuoksi, joka on sopiva keittokäyttöön ja jalostukseen.","Prunus cerasus 'Latvian Matala' tuottaa syötäviä, mutta liian hapan hedelmää, jota ei voi syödä suoraan, mutta jota on hyvä käyttää keittokäytössä. Hedelmät ovat yleensä käytettävissä pihviin, marmeladiin, juomoihin ja makeisiin ruokiin, joissa niiden happamuus tasataan sokerin avulla.",,,Prunus cerasus 'Latvian Matala' tuottaa keväällä lehtien kehittyessä valkoisia kukkia ryhminä. Kukat luovat voimakkaan kausikuvan ja kehittyvät hedelmäksi kesäkuussa.,,"Prunus cerasus 'Latvian Matala' on hedelmätuottava kirsikka, joka tuottaa kesäisin keskikokoisia hapan hedelmää. Hedelmät kasvavat ryhminä lyhyillä varresta ja kypsyvät syvän punertavaksi väriksi, kun ne ovat valmiita keräämistä.",,,,,,"Prunus cerasus 'Latvian Matala' on kestävä hapan kirsikka, joka on sopeutunut kylmille ilmastoille. Se kestää pakkasta ja toimii luotettavasti pohjoisessa kasvatusolosuhteissa, mikä tekee siitä sopivan kotipuutarhoihin kylmässä alueella.",,Kyllä,,,
Prunus domestica 'sinikka',,Plum tree,Luumupuu 'sinikka',Hyötykasvit,,,1,,,,,"Prunus domestica ‘Sinikka’ produces sweet, juicy plums that are enjoyed fresh or used in jams, desserts, baking, and preserves. The fruits have a rich flavour and are harvested in late summer, making them a versatile addition to many recipes.",,,Prunus domestica ‘Sinikka’ blooms in spring with masses of delicate white flowers that cover the branches before the leaves are fully developed. The abundant blossoms create an attractive display and mark the beginning of the fruiting season.,,"Prunus domestica ‘Sinikka’ produces plenty of blue-purple plums that ripen in late summer. The fruits grow along the branches and are picked when fully ripe. They are known for their sweet, juicy flesh and are suitable for both fresh eating and cooking.","Prunus domestica has been cultivated for more than 2,000 years and is thought to have originated from natural hybridisation between wild plum species in the Caucasus and surrounding regions. It spread across Europe through the Greeks and Romans, becoming a valued orchard fruit throughout the continent. Modern cultivars such as ‘Sinikka’ were developed to combine excellent fruit quality with improved winter hardiness, allowing plum cultivation to expand into colder northern regions such as Finland.",,,,,,,yes,,,y,,,"Prunus domestica 'Sinikka' tuottaa makeita, juurettomia omenia, jotka syödään suoraan tai käytetään marmeladiin, makeisiin ruokiin, leivontaan ja säilöntään. Hedelmät ovat rikkaassa makuissa ja niitä kerät",,,"Prunus domestica ‘Sinikka’ kukkii keväällä valkoisten, ohuiden kukkien määrällä, jotka peittävät oksat ennen kuin lehdet ovat täysin kehittyneet. Runsas kukinta luonnostaa kauniin näytön ja merkitsee hedelmänkasvukauden alkua.",,"Prunus domestica ‘Sinikka’ tuottaa runsaasti sinipunertavia omenia, jotka kypsyvät myöhäisessä kesässä. Hedelmät kasvavat oksilla ja niitä poimitaan täysin kypsänä. Niiden tunnusmerkkinä on makea, hedelmäinen sisus, ja niitä voidaan käyttää sekä raakana syönninä että keittämisenä.","Prunus domestica on ollut viljelty yli 2 000 vuotta ja on arveltu alkaneen luonnollisesta risteytyksestä villasimpukoiden välillä Kaukasuksen ja ympäröivien alueiden luonnossa. Se levisi Eurooppaan kreikkalaisten ja roomalaisten välityksellä ja muodostui arvostetuksi puutarhakasviksi koko manterällä. Nykyiset muunnokset, kuten ‘Sinikka’, kehitettiin yhdistämään erinomaisen hedelmänlaadun parantuneen talvimyönteisyyden kanssa, mikä mahdollisti omenanviljelyn laajenemisen kylmempään pohjoiseen Suomeen.",,,,,,,Kyllä,,,
Prunus persica var. Nucipersica,,Nectarine,nektariini,G-HE 	LAUHKEA,18104,G-HE 	LAUHKEA,1,,x -162.93  y -9.45,,,"Prunus persica var. nucipersica produces fruits that are eaten fresh or used in desserts, jams, juices, and baking. They are valued for their sweet flavour, aromatic flesh, and high vitamin content.",,,,,"Prunus persica var. nucipersica, native to China, is cultivated for its smooth-skinned fruits that ripen in late summer. Nectarines are sweet, juicy, and closely related to peaches, differing mainly by the absence of fuzzy skin.","Although often associated with the Mediterranean, nectarines originated alongside peaches in China, where peaches have been cultivated for over 4,000 years. The smooth skin of the nectarine is caused by a naturally occurring genetic mutation rather than hybridisation. Over centuries, growers selected and propagated this trait, leading to the development of the many nectarine cultivars grown around the world today.",,,,,,,,,,y,,,"Prunus persica var. nucipersica tuottaa hedelmiä, jotka syödään raakana tai käytetään makeutusaineina, marmeladeina, juomateina ja leivonnaisissa. Niitä arvioidaan hedelmällisyydestään, aromatisesta sisustaan ja korkeasta vitamiinipitoisuudesta.",,,,,"Prunus persica var. nucipersica, joka on kotoisin Kiinasta, viljellään hedelmästään, joka kypsyvät myöhäisessä kesässä. Nektariinit ovat makeita, hedelmäisiä ja lähellä pehmeäpähkinää, eroavat pääasiassa pehmeydestään.","Vaikka nektariinit yhdistetään usein Välimeren kanssa, ne ovat alkaneet kasvaa Kiinassa pehmeäpähkinän kanssa, joka on ollut viljelty yli 4 000 vuotta. Nektariinin pehmeä iho aiheutuu luonnollisesta geenimuutoksesta eikä risteytyksestä. Vuosisatojen aikana viljelijät valitsivat ja levittivät tämän ominaisuuden, mikä johti monien nykyisten nektariini- muunnosten kehittymiseen ympäri maailmaa.",,,,,,,,,,
Psidium guajava,Myrtaceae,Guava,Guava,G-HA 	TROOPPINEN HUONE,5392,G-HA 	TROOPPINEN HUONE,1,,x -136.34  y 5.56,,"Psidium guajava, commonly known as guava, is a tropical fruit crop grown in warm regions worldwide. It is cultivated in orchards and home gardens for its reliable fruit production in subtropical and tropical climates.","Psidium guajava produces edible fruits that are eaten fresh or processed into juices, jams, desserts, and preserves. The fruit is valued for its sweet-tart flavour and high vitamin C content in many culinary uses.",,Psidium guajava is considered an exotic fruit tree outside its native range in Central and South America. It has been widely introduced to tropical and subtropical regions where it is now an important cultivated fruit crop.,,,Psidium guajava is a fruit-bearing tree that produces round to pear-shaped fruits after flowering. The fruits develop on woody branches and are harvested when ripe for fresh consumption or food processing.,"Psidium guajava has been cultivated for centuries by Indigenous peoples of the Americas. After European exploration, it spread throughout the tropics and is now grown widely in Asia, Africa, and the Pacific, where it has become an important commercial and home-garden fruit tree.",,,,,,,,,,y,,"Psidium guajava, joka tunnetaan yleisesti guavaksi, on trooppinen hedelmäkasvi, joka kasvaa lämpimissä alueissa ympäri maailmaa. Se viljellään puutarhoissa ja kotiruokakasvatuksessa sen luotettavan hedelmän tuotannon vuoksi trooppisissa ja subtropiisissa ilmastoissa.","Psidium guajava tuottaa syötäviä hedelmiä, jotka syödään raakana tai käytetään juomateina, marmeladeina, makeutusaineina ja säilykkeinä. Hedelmä arvioidaan hedelmällisyydestään, makeutuneesta makuistaan ja korkeasta vitamiini C -pitoisuudesta monissa ruokailuissa.",,"Psidium guajava on katsottu eksotiiseksi hedelmäpensäksi ulkomailla sen alkuperäisellä alueella Keski- ja Etelä-Amerikassa. Se on levinnyt laajasti trooppisiin ja subtropiisiin alueisiin, missä se on nykyisin tärkeä hedelmäkasvikasvi.",,,"Psidium guajava on hedelmäkasvi, joka tuottaa pyöreitä tai päärynänmuotoisia hedelmiä kukinnan jälkeen. Hedelmät kehittyvät puun puolipuunoksilla ja niitä poimitaan kypsänä raakana syönninä tai ruoanvalmistuksessa.",Psidium guajava on ollut viljelty vuosisatoja Amerikan alkuperäiskansojen keskuudessa. Eurooppalaisten tutkimusten jälkeen se levisi trooppisiin alueisiin ja on nykyään kasvatt,,,,,,,,,,
Pyracantha coccinea,,scarlet firethorn,välimerentulimarja,G-HD 	TALVISAT. L. VÃ„LIMEREN ILMASTOALUE,48800,G-HD 	TALVISAT. L. VÃ„LIMEREN ILMASTOALUE,1,,x -156.54  y 0.27,,,,,,"Pyracantha coccinea, native to southern Europe and western Asia, blooms in late spring with masses of small white flowers that cover the branches. The flowers are followed by colourful berries later in the growing season.",,Pyracantha coccinea produces dense clusters of bright red to orange berries that remain on the branches well into autumn and winter. The fruits are an important food source for many birds during the colder months.,,,,,,,"Pyracantha coccinea has long, sharp thorns that provide effective protection but can easily cause painful scratches. Its berries are not considered poisonous but are bitter and may cause stomach upset if eaten in large amounts.",,,,y,,,,,,"Pyracantha coccinea on kotoisin etelä-Euroopasta ja länsi-Aasiasta, kukkii myöhäisessä keväällä valkoisten pienien kukkien massoineen oksilla. Kukat seuraavat myöhemmin kasvukaudella värikkäitä marjoja.",,"Pyracantha coccinea tuottaa tiheitä, kirkkaan punertavan tai oranssin värinen hedelmäpölyjä, jotka pysyvät oksilla hyvin myös syksyllä ja talvella. Hedelmät ovat tärkeä ravinnonlähde monille lintuille kylmien kuukausien aikana.",,,,,,,"Pyracantha coccinea on pitkiä, teräviä piikkejä, jotka tarjoavat tehokkaan suojan, mutta voivat helposti aiheuttaa kipua aiheuttavia pistemärkiä. Hedelmiä ei pidetä myrkyllisinä, mutta ne ovat mauttomia ja voivat aiheuttaa vatsakipua suurella määrällä.",,,,
Pyrus communis,,pear,tarhapäärynä,Hyötykasvit,,,1,,,,Pyrus communis ‘Lada’ is an early-ripening European pear cultivar grown as a fruit crop. It is cultivated in orchards and home gardens for its reliable yields and adaptability to temperate climates across Europe.,"Pyrus communis ‘Lada’ produces sweet, juicy pears that are eaten fresh or used in cooking, baking, and preserving. The fruits are valued for their early ripening and pleasant texture in a wide range of culinary uses.",,,,,Pyrus communis ‘Lada’ is a fruit-bearing tree that produces pears after flowering and pollination. It develops seasonal crops of edible fruit that ripen early compared to many other European pear varieties.,,,,,,"Pyrus communis 'Lada' is valued for its excellent cold hardiness and dependable productivity. It is well suited to northern climates, where it can tolerate harsh winters while producing consistent crops.",,"Pyrus communis 'Lada' flowers in spring and produces fruit that ripens in late summer, making it one of the earlier pear cultivars to be harvested. Its blossoms also provide an early source of nectar and pollen for pollinating insects.",,,y,,"Pyrus communis 'Lada' on varhaisesta kypsyvää eurooppalaisen omenan lajike, jota kasvatetaan hedelmänviljelyssä. Se kasvatetaan puutarhoissa ja kotikasvatuksessa luotettavista tuotoksistaan ja sopeutuvuudestaan lämpimään ilmastoon Euroopassa.","Pyrus communis 'Lada' tuottaa makeita, juureksia, joita syödään raakana tai käytetään keittämiseen, leivontaan ja säilytykseen. Hedelmät arvostetaan varhaisesta kypsyvyydestään ja mukavasta tekstuuristaan laajassa ruokailussa.",,,,,"Pyrus communis 'Lada' on hedelmällinen puu, joka tuottaa omenia kukinnan ja siitepölyn jälkeen. Se kehittää kausittaisia hedelmäviljelmiä, jotka kypsyvät varhain verrattuna moniin muuhun eurooppalaiseen omenan lajiin.",,,,,,"Pyrus communis 'Lada' on arvostettu kylmäkestoisuudestaan ja luotettavuudestaan. Se on hyvin soveltuva pohjoisille ilmastoihin, joissa se kestää ankaria talvia tuottamalla säännöllisiä viljelmiä.",,"Pyrus communis 'Lada' kukkii keväällä ja tuottaa hedelmiä, jotka kypsyvät myöhään kesällä, tehdäkseen siitä yhden varhaisimmista omenan lajikeista, jotka saadaan viljeltäväksi. Kukkien myös tarjoaa varhaisen nautinnon siitepölylle ja nektarille siitepölyttäjille.",,,
Rheum rhabarbarum,,garden rhubarb,tarharaparperi,H-3 	VIHANNEKSET,1933,H-3 	VIHANNEKSET,1,,,,"Rheum rhabarbarum, commonly known as garden rhubarb, is a perennial vegetable crop grown in temperate climates. It is cultivated for its thick edible leaf stalks and is a long-lived garden plant that can produce harvests for many years.","Rheum rhabarbarum produces edible leaf stalks that are harvested in spring and early summer. The stalks have a strong sour flavour and are commonly used in pies, jams, compotes, and desserts. The leaves are not edible.",,,,,,,,,,,,,"Rheum rhabarbarum is a seasonal plant that produces its best edible stalks in spring and early summer. Growth slows later in the year, and harvesting is typically limited to avoid weakening the plant.",,,y,,"Rheum rhabarbarum, jota kutsutaan yleisesti puutarhaköynnöksi, on vuosittainen kasvikunta, jota kasvatetaan lämpimissä ilmastoissa. Se kasvatetaan sen paksuista syötäviä lehtivarsiensa ja on pitkäikäinen puutarhakasvi, joka voi tuottaa viljelmiä monien vuosien ajan.","Rheum rhabarbarum tuottaa syötäviä lehtivarsia, jotka kerätään keväällä ja alkukesällä. Lehtivarsien on vahvaa, happamaa maku ja ne käytetään yleisesti pihviin, marmeladiin, kompotteihin ja makeisiin ruokiin. Lehdet eivät ole syötäviä.",,,,,,,,,,,,,"Rheum rhabarbarum on kausikasvi, joka tuottaa parhaat syötävät lehtivarsinsa keväällä ja alkukesällä. Kasvun hidastuu myöhemmin vuodessa, ja viljely on yleensä rajoitettua, jotta kasvi ei heikennä.",,,
Ribes nigrum,,Blackcurrent ,Mustaherukka ,K-8 	TERVALEPPÃ„KORPI,1945,K-8 	TERVALEPPÃ„KORPI,1,,,"Blackcurrant leaves release a strong, distinctive aroma when crushed, often described as green and slightly musky. The scent is recognizable in gardens and is sometimes used to flavor herbal teas.",,"The berries of blackcurrant are the main edible part people eat and are widely used in jams, juices, and desserts due to their strong, tangy flavor and deep aroma. The leaves are also used for herbal teas.",,,,,,,,"Blackcurrants are rich in anthocyanins, flavonoids, and vitamin C. These bioactive compounds have been extensively studied for their antioxidant effects and their well-documented benefits in human nutrition.","Blackcurrant is native to Finland and much of Northern Europe, naturally occurring in moist forests, stream edges, and shaded woodland areas where the soil stays consistently damp and nutrient-rich.",,,,,,,y,"Mustikka lehtien rikkoutuessa vapauttaa voimakasta, erottuvaa tuoksua, jota kuvataan vihreäksi ja hieman metsäisen makuiseksi. Tuoksu on tunnistettavissa puutarhoissa ja joskus käytetään sitä maustamaan herbaalitee.",,"Mustikka hedelmät ovat pääosin syötäviä osia, joita syödään ja niitä käytetään laajasti marmeladiin, juomoihin ja makeisiin ruokiin heidän vahvasta, happamasta makuistaan ja syvää tuoksua. Lehdet käytetään myös herbaalitee.",,,,,,,,"Mustikka on rikas antosyanineihin, flavonoihin ja vitamiini C:hen. Näillä biologisilla aineilla on ollut laajasti tutkimuksessa niiden antioxiintarpeiden ja hyödykkeiden vuoksi ihmisen ravitsemuksessa.","Mustikka on kotoisin Suomesta ja suurimmasta osasta Pohjois-Eurooppaa, ja se esiintyy luonnostaan kosteissa metsissä, purojen rannoilla ja varjossa kasvavilla metsäalueilla, joissa maaperä pysyy konsistenssiltään kosteana ja rikkaana.",,,,,,,
Ribes uva-crispa,,Gooseberry,Karviainen,S-O 	SYSTEMAATTINEN OSASTO,25528,S-O 	SYSTEMAATTINEN OSASTO,1,,,,,"Ribes uva-crispa produces edible berries that range from tart to sweet depending on ripeness. They are eaten fresh or used in jams, pies, desserts, and sauces, where their sharp flavour adds a distinctive taste.",,,,,"Ribes uva-crispa is a fruit-bearing shrub that produces round, translucent berries in summer. The fruits grow singly or in small clusters along the stems and ripen from green to yellow, red, or purple depending on the variety.",,,,,,"Ribes uva-crispa is a hardy shrub that tolerates cold winters, poor soils, and challenging growing conditions. It is long-lived and reliable, making it a popular choice for low-maintenance fruit production in cooler climates.",,,,,y,,,"Ribes uva-crispa tuottaa syötäviä marjoja, jotka vaihtelevat suolaisesta makeaan makuun riippuen niiden valmistumisesta. Niitä syödään suoraan tai käytetään marjoissa, pihveissä, makeisissa ja sahausaineissa, joissa niiden kova maku antaa erityinen makua.",,,,,"Ribes uva-crispa on marjatuottava pensas, joka tuottaa kesäisin keltaisia, punaisia tai violettejä marjoja. Marjojen kasvupaikat ovat yksittäisiä tai pieniä ryhmiä oksilla, ja ne kypsyvät vihreistä keltaisiin, punaisiin tai violetteihin riippuen lajikkeesta.",,,,,,"Ribes uva-crispa on kestävä pensas, joka kestää kylmät talvet, huonot maaperät ja haasteelliset kasvupaikat. Se on pitkäikäinen ja luotettava, mikä tekee siitä suositun valinnan vähäpäästöisessä marjametsästykseen kylmien ilmaston alueilla.",,,,,
Rosa rugosa 'Kirovsk',,Kirovsk rose,Kirovskin ruusu,V-9 	H- JA S-OS.REUNA,22569,V-9 	H- JA S-OS.REUNA,1,,,,,"Rosa rugosa ‘Kirovsk’ produces edible rose hips that are exceptionally rich in vitamin C. They are commonly used to make jams, marmalades, syrups, teas, and other preserves after the seeds and irritating hairs inside the fruit are removed.",,,,"Rosa rugosa ‘Kirovsk’ is known for its strongly fragrant flowers, which produce a rich, sweet rose scent throughout the flowering season. The blooms are popular in ornamental gardens and are also used for cut flowers and traditional rose products.",,"Rosa rugosa is native to eastern Asia and was introduced to Europe during the late 18th century, where it quickly became valued for its hardiness and fragrant flowers. It has since been widely planted in parks, gardens, and coastal landscapes throughout northern Europe. Cultivars such as ‘Kirovsk’ were selected to improve ornamental qualities while retaining the species' exceptional resilience, making them especially popular in regions with cold winters.",,,,"Rosa rugosa ‘Kirovsk’ is an excellent pollinator plant, producing nectar- and pollen-rich flowers that attract bees, bumblebees, butterflies, hoverflies, and other beneficial insects. Its long flowering season provides a reliable food source throughout much of the summer.","Rosa rugosa ‘Kirovsk’ is an exceptionally hardy shrub that tolerates severe frost, coastal winds, drought, poor soils, and salt spray. Its vigorous growth and suckering habit make it well suited to challenging landscapes and erosion control.",,yes,,,y,,,"Rosa rugosa 'Kirovsk' tuottaa syötäviä ruusunmarjoja, jotka ovat erityisen rikkaat vitamiini C:hen. Niitä käytetään yleisesti marjoissa, marmeladeissa, siirapissa, teessä ja muissa säilöntäaineissa, kunnes siemenet ja ärsyttävät hiukkaset marjan sisällä poistetaan.",,,,"Rosa rugosa 'Kirovsk' tunnetaan voimakkaasti tuoksuvista kukistaan, jotka tuottavat rikkaan, makean ruusun tuoksun koko kukkien kasvukaudella. Kukat ovat suosittuja koristekasvina ja käytetään myös lehtikukkien valmistukseen ja perinteisissä ruusutarvikkeissa.",,"Rosa rugosa on kotoisin itä-Aasiasta ja se tuotiin Eurooppaan myöhäisellä 1700-luvulla, missä se nopeasti arvostettiin kestävyydestään ja tuoksuvista kukistaan. Se on sittemmin kasvatettu laajasti puistoissa, puutarhoissa ja rannikkomaastossa koko Pohjois-Euroopassa. Lajikkeita kuten 'Kirovsk' valittiin parantamaan koristekasvun ominaisuuksia säilyttäen lajin erinomaisen kestävyyden, mikä tekee niistä erityisen suositun kylmien talojen alueilla.",,,,"Rosa rugosa 'Kirovsk' on erinomainen siitepölykasvi, joka tuottaa nektaria- ja siitepölyä rikasta kukkaansa, joka vetää mehiläisiä, humalapölykkäisiä hyönteisiä, perhosia, hyönteisiä ja muita hyödyllisiä hyönteisiä. Pitkä kukkien kasvukausi tarjoaa luotettavan ravinnon lähes koko kesän.","Rosa rugosa 'Kirovsk' on erinomainen kestävä pensas, joka kestää voimakkaita lumisateita, rannikkoja, kuivuutta, huonoa maaperää ja suolaista tuulta. Sen voimakas kasvu ja juurakon kasvu tekevät siitä sopivan haasteellisille maisemille ja eroosin torjunnalle.",,Kyllä,,,
Rubus fruticosus,,Black berry,Karhunvattu,Hyötykasvit,,,1,,,,,"Rubus fruticosus produces sweet, juicy berries that are eaten fresh or used in jams, desserts, juices, and baking. The fruits are rich in vitamin C, fibre, and antioxidants.",,,,,"Rubus fruticosus, native to Europe, western Asia, and North Africa, produces clusters of black berries that ripen in late summer. The fruits develop from many small drupelets and are harvested when fully black and soft.",,,,,,Rubus fruticosus is a vigorous shrub that spreads through arching canes and rooting stems. It grows well in a wide range of soils and quickly forms dense thickets once established.,,,,,y,,,"Rubus fruticosus tuottaa makeita, hedelmäisiä marjoja, jotka syödään suoraan tai käytetään marjoissa, makeisissa, juomissa ja leivonnaisissa. Marjoissa on paljon vitamiini C:ää, kuitua ja antioxiineja.",,,,,"Rubus fruticosus, joka on kotoisin Euroopasta, Länsi-Aasiasta ja Pohjois-Afrikasta, tuottaa kesällä mustia marjoja, jotka kasv",,,,,,"Rubus fruticosus on oikeutettu pensas, joka leviää kaarevien varren ja juuristuneiden oksien kautta. Se kasvaa hyvin laajalla alueella erilaisilla maaperillä ja muodostaa tiheitä pensaikkoja nopeasti, kun se on vakiintunut.",,,,,
Rubus idaeus 'Preussen',,raspberry,vadelma,H-O 	HYÃ–TYKASVI OSASTO,31883,H-O 	HYÃ–TYKASVI OSASTO,1,,,,Rubus idaeus ‘Preussen’ is a cultivated raspberry variety grown as a fruit crop in gardens and orchards. It is valued for its reliable productivity and is widely grown in temperate regions for berry production.,"Rubus idaeus ‘Preussen’ produces edible red berries that are sweet and aromatic. The fruits are eaten fresh or used in jams, desserts, and baking, making them a versatile ingredient in both home and commercial food use.",,,,,"Rubus idaeus ‘Preussen’ is a fruit-bearing shrub that produces clusters of red berries after flowering. The fruits develop on canes and are harvested in summer when ripe, typical of cultivated raspberry varieties.","Rubus idaeus has been cultivated in Europe for centuries, with many regional varieties developed through selective breeding. ‘Preussen’ is part of this horticultural tradition, reflecting the long history of raspberry cultivation in temperate agriculture and home gardening.",,,,,"Rubus idaeus ‘Preussen’ is a hardy raspberry cultivar adapted to cool and temperate climates. It tolerates cold winters well and produces fruit reliably under a range of growing conditions, making it suitable for northern gardens.",,,,,y,,"Rubus idaeus 'Preussen' on kasvatettu rypälelajike, joka kasvaa puutarhoissa ja puutarhoissa hedelmänä. Se arvostellaan luotettavasta tuottavuudestaan ja kasvatetaan laajasti matalan lämpötilan alueilla marjojen tuotannossa.","Rubus idaeus 'Preussen' tuottaa syötäviä punaisia marjoja, jotka ovat makeita ja tuoksuvia. Marjoja syödään suoraan tai käytetään hedelmä- ja leivonnaisissa, mikä tekee niistä monipuolisen aineksen koti- ja ammattikäytössä.",,,,,"Rubus idaeus 'Preussen' on marjatuottava pensas, joka tuottaa punaisia marjoja kukinnan jälkeen. Marjoja kehittyy oksilla ja niitä kerätään kesällä, kun ne ovat valmiita, mikä on tyypillistä kasvatettujen rypälelajikkeille.","Rubus idaeus on ollut kasvatettuna Euroopassa vuosisatoja, ja monia alueellisia lajikkeita on kehitetty valinnallisella jalostuksella. 'Preussen' on osa tätä kasvitieteellistä perintöä, joka kuvaa rypäleen kasvattamisen pitkää historiaa matalan lämpötilan maataloudessa ja kotipuutarhoissa.",,,,,"Rubus idaeus 'Preussen' on kestävä rypälelajike, joka on sopeutunut kylmään ja matalaan ilmastoon. Se kestää kylmän talven hyvin ja tuottaa marjoja luotettavasti erilaisissa kasvatusolosuhteissa, mikä tekee siitä sopivan pohjoisten puutarhojen käyttöön.",,,,,
Saintpaulia ionantha,,African violet,paavalinkukka,G-HA 	TROOPPINEN HUONE,5278,G-HA 	TROOPPINEN HUONE,1,,,,,,,,"Saintpaulia ionantha, commonly called the African violet, produces small clusters of soft purple, blue, pink, or white flowers above a rosette of fuzzy leaves. It can bloom almost year-round indoors when given steady light and warmth.",,,,"Saintpaulia ionantha (African violet) is a compact plant native to Tanzania. It is popular indoors because it stays small, grows well in pots, and prefers stable room conditions. It thrives in indirect light and consistent moisture, making it easy to keep on windowsills or shelves.",,,,,,,,,y,,,,,,"Saintpaulia ionantha, jota kutsutaan yleisesti afrikkalaiseksi violetiksi, tuottaa pieniä ryhmiä pehmeitä vaaleanpunaisia, sinisiä, vaaleanpunaisia tai valkoisia kukkia kääpiölehtien yläpuolella. Se voi kukkia lähes koko vuoden ajan sisällä, kun se saa tasaisen valon ja lämmön.",,,,"Saintpaulia ionantha (afrikkalainen violetti) on kompakti kasvi, joka on kotoisin Tansaniasta. Se on suosittu sisäkasvina, koska se pysyy pienenä, kasvaa hyvin pöydänkäyttöön ja suosii vakautta huoneolosuhteissa. Se kestää sivuvaloa ja vakautta kosteudessa, mikä tekee siitä helppoa pitää ikkunalaudoilla tai pöydänkäyttöön.",,,,,,,,,
Salvia rosmarinus syn.Rosmarinus officinalis,,Rosemary,Rosmariini,Lauhke huone (Julia),,,1,,X: -166.60 Y: -10.47,Salvia rosmarinus has strongly aromatic foliage that releases a distinctive scent when the leaves are crushed or brushed. The aroma comes from concentrated essential oils present throughout the plant.,"Salvia rosmarinus is cultivated as a commercial herb crop for its aromatic leaves. It is grown worldwide to supply fresh herbs, dried seasonings, and essential oils for culinary and commercial use.","The leaves of Salvia rosmarinus are edible and widely used as a culinary herb. They are used fresh or dried to season a wide variety of foods, including roasted meats, vegetables, breads, soups, and sauces, and are valued for their strong, distinctive flavor.",,,,,,,,,,,,,,,,y,"Salvia rosmarinus on voimakkaan tuoksuvan lehtensä vuoksi, joka vapauttaa erityinen tuoksu, kun lehdet rikkoutuvat tai kosketetaan. Tuoksu tulee konsentroiduista peräisin olevista oleoksiin, jotka ovat lehtien läpi.","Salvia rosmarinus kasvatetaan kaupalliseksi ruokakasviksi tuoksuvien lehtiensä vuoksi. Se kasvatetaan maailmanlaajuisesti tarjoamaan tuoreita kasviksia, kuivattuja mausteita ja oleoksia ruoanlaittoon ja ammattikäyttöön.","Salvia rosmarinus -lehden ovat syötävissä ja ne käytetään laajasti ruokakasviksi. Ne käytetään tuoreina tai kuivattuina maustamaan laajaa ruokavalioita, mukaan lukien paistettuja lihaa, kasviksia, leivonnaisia, keittoja ja saostetta, ja niitä arvostellaan voimakkaasta ja erityisestä makustaan.",,,,,,,,,,,,,,,,
Sapindus mukorossi,,Soapberry,Saippuamarja,G-HB 	KESÃ„SATEIDEN ALUE,18295,G-HB 	KESÃ„SATEIDEN ALUE,1,,,,,,,,,,,"Soap berries (Sapindus mukorossi) are the fruits of soapberry trees native to tropical and subtropical regions of Asia and the Americas. Their shells contain saponin, a natural soap-like compound that produces lather when mixed with water. People have used soap berries for thousands of years, especially in India, Nepal, and China, where they were traditionally used to wash clothes, silk, wool, and hair. Before modern detergents existed, they were an important natural cleaning product and were traded across many regions. Today, soap berries are still valued as an eco-friendly alternative to synthetic soaps and detergents.",,,,,,,,,,y,,,,,,,,,"Sämpylöpähkinät (Sapindus mukorossi) ovat sämpylöpähkinien hedelmienä, jotka ovat kotoisin trooppisista ja subtrooppisista alueista Aasiassa ja Amerikan mantereella. Niiden kuori sisältää saponiinia, luonnollista saippuamaisen aineksen, joka muodostaa saippuaa",,,,,,,,,,
schefflera,,Dwarf umbrella tree,siroliuska-arelia,G-HA 	TROOPPINEN HUONE,18588,G-HA 	TROOPPINEN HUONE,1,,,,,,,,,,,,"The Schefflera plant, otherwise known as the dwarf umbrella tree, is a popular choice for a houseplant for its ease of maintenance. The Schefflera is known for its signature way of growing leaves in a way that resembles an umbrella.	",,,,,,,,,y,,,,,,,,,,"Schefflera on yleisesti tunnettu nimellä pikkunuolentähti, ja se on suosittu huonekasvi sen helpon hoitokyvyn vuoksi. Schefflera tunnetaan lehtiensä erikoisesta kasvustaan, joka muistuttaa nuolesta.",,,,,,,,,
Scindapsus pictus ‘Argyraeus’,,Satin pothos,hopeaköynnös,Kesäsateiden alue,,,1,,x -126.18  y 11.11,,,,,,,,,,"Matte green leaves are dusted with silvery markings that catch light softly, and the refined pattern gives the plant a quieter, velvety beauty than glossier trailing vines.",,,,,,,,,y,,,,,,,,,,"Mattein vihreät lehdet ovat sahlaisin silmäimillä, jotka heijastavat valoa pehmeästi, ja kohottava muoto antaa kasville hiljaisen, pehmeän kauneuden kuin kiiltävien kantavartisten kukan.",,,,,,,,,
scorzonera hispanica,,Black salcify,Mustajuuri,H-3 	VIHANNEKSET,12171,H-3 	VIHANNEKSET,1,,,,"Scorzonera hispanica, commonly known as black salsify, is a perennial root vegetable crop cultivated in Europe and the Mediterranean. It is grown for its long taproot and is valued as a traditional and modern food crop.","Scorzonera hispanica produces an edible long, dark-skinned taproot that is cooked as a vegetable. It has a mild, slightly nutty flavour and is commonly used in soups, stews, and winter dishes in European cuisine.",,,,,,Scorzonera hispanica has been cultivated since at least the Renaissance in Europe. It was valued as a winter vegetable and remains part of traditional cuisine in several Mediterranean and Central European food cultures.,,,,,"Scorzonera hispanica is highly resilient, tolerating cold climates and poor soils. This hardiness allows it to grow reliably in temperate regions where many other root vegetables struggle to survive harsh seasonal conditions.",,,,,y,,"Scorzonera hispanica on yleisesti tunnettu nimellä musta salsify, ja se on monivuotinen juurikasvi, jota kasvatetaan Euroopassa ja Välimeren alueella. Se kasvatetaan pitkän juurakson vuoksi ja arvostetaan perinteisenä ja nykyisin käytettynä ruokakasvina.","Scorzonera hispanica tuottaa syötävän pitkän, tumman ihon peittämän juurakon, jota käytetään ruokana. Se on maultaan pehmeä, hieman pähkinäinen ja yleisesti käytetään soupeissa, paistoksissa ja talvikeitoissa Euroopan ruokakulttuurissa.",,,,,,Scorzonera hispanica on ollut Euroopassa kasvatettuna ainakin renessanssin aikana. Se arvostettiin talvikasviksi ja se on edelleen osa perinteistä ruokakulttuuria useilla Välimeren ja Keski-Euroopan ruokakulttuureilla.,,,,,"Scorzonera hispanica on hyvin kestävä, ja se kestää kylmää ilmastoa ja huonoa maaperää. Tämä kestävyys mahdollistaa sen kasvun luotettavasti lauhkeissa alueilla, joilla monet muut juurikasvit eivät selviä kovien kausien olosuhteista.",,,,,
Secale cereale,,rye,Ruis,Hyötykasvit,,,1,,,,"Secale cereale, commonly known as rye, is a cereal crop widely cultivated in cooler temperate regions. It is especially valued for its ability to grow in poor soils and harsh climates where many other grains produce lower yields.","Secale cereale produces edible grains that are milled into rye flour or used whole in foods. Rye is commonly used to make breads, crispbreads, porridges, and traditional baked goods, particularly across Northern and Eastern Europe.",,,,,,"Secale cereale was originally a wild grass that grew among wheat and barley fields in the Middle East before spreading naturally into Europe. Farmers discovered that rye survived colder climates and poorer soils, making it especially important in Northern and Eastern Europe. During the Middle Ages it became the dominant bread grain in many regions, particularly in countries such as Finland, Germany, Poland, and Russia, where rye bread remains a cultural staple today.",,,,,"Secale cereale is one of the most cold-hardy cereal crops. It tolerates poor, sandy soils, drought, and freezing winters better than most other grains, making it a dependable crop in challenging growing conditions.",,,,,y,,"Secale cereale on yleisesti tunnettu nimellä ruis, ja se on viljelykasvi, jota kasvatetaan kylmien lauhkeiden alueiden laajalla alueella. Se arvostetaan erityisesti kyvystään kasvaa huonoissa maaperässä ja kovissa olosuhteissa, joissa monet muut viljat tuottavat alhaisempia tuottoja.","Secale cereale tuottaa syötävää viljaa, jota käytetään ruisjauhoiksi tai ruokana kokonaisena. Ruis on yleisesti käytetty leivän, karkkien, kastikkeiden ja perinteisten leivonnaisien valmistukseen, erityisesti Pohjois- ja Itä-Euroopassa.",,,,,,"Secale cereale oli alun perin villiheinä, joka kasvoi vehnän ja ohraa kasvattavien pellojen keskellä Lähi-idässä ennen kuin se levisi luontaisesti Eurooppaan. Maanviljelijät löysivät, että ruis selviytyi kylmässä ilmastossa ja huonoissa maaperässä, mikä teki siitä erityisen tärkeää Pohjois- ja Itä-Euroopassa. Keski-ajalla se muodostui monien alueiden pääasialliseksi leivän viljaksi, erityisesti Suomessa, Saksassa, Puolassa ja Venäjällä, joissa ruisleipä on edelleen kulttuurillinen perinne.",,,,,"Secale cereale on yksi kylmästi kestävimmistä viljelykasveista. Se kestää huonoa, hiekkaista maaperää, kuivuutta ja kylmää talvea paremmin kuin monet muut viljat, mikä tekee siitä luotettava kasvi haastavissa kasvatusolosuhteissa.",,,,,
Selenicereus grandiflorus,,Queen of the Night,Yönkuningatar,Succulentit (huone Juliassa),5169,G-HB 	KESÃ„SATEIDEN ALUE,1,,x -159.20  y -6.86,,,,,,"The Queen of the Night flower is a massive, elegant blossom measuring thirty centimeters across, featuring snowy-white inner petals nested within a starburst of thin, spidery outer sepals. At its core, a delicate explosion of cream-colored stamens surrounds a distinct, multi-pointed central pistil, all releasing an incredibly potent, sweet perfume.",,,,,,,,,,,,,y,,,,,,"Yön kuningatar on suuri, kaunis kukka, joka mitataan kolmenkymmenen senttimetrin levyisyydellä, ja se on täynnä lumisia sisäisiä lehtiä, jotka sijaitsevat tähtimäisenä tähtimäisenä ulompien, ohuiden ulompien seppeleiden ympärillä. Sen keskellä on hieno, monipuolinen keskimmäinen pisti, joka ympäröi hieno, kremallinen staminoiden räjähdys, joka vapauttaa erittäin voimakkaan, makean tuoksun.",,,,,,,,,,,,,
Sequoia sempervirens,,Coast redwood,Jättiläispunapuu,G-HE 	LAUHKEA,3822,G-HE 	LAUHKEA,2,,x -161.57  y -6.08,,,,,,,,,"Sequoia sempervirens once formed vast forests along North America's Pacific coast, with ancestors dating back over 100 million years. Heavy logging during the 19th and 20th centuries greatly reduced these ancient forests, but protected national and state parks now preserve many of the world's remaining old-growth redwoods.",,,,,"Sequoia sempervirens can live for more than 2,000 years and has thick, fire-resistant bark that helps it survive wildfires. It also regenerates readily from its base after damage, allowing trees to recover from fire, storms, and logging.",,,,"Sequoia sempervirens, native to the Pacific coast of California and southwestern Oregon, is the tallest tree species on Earth. The tallest known individual, Hyperion, stands over 115 metres tall, making coast redwoods among the most extraordinary trees ever to exist.",y,,,,,,,,,Sequoia sempervirens muodosti laajoja metsiä Pohjo,,,,,"Sequoia sempervirens voi elää yli 2 000 vuotta ja sen paksu, tulenkestävä kuori auttaa sitä selviytymään tulipaloista. Se myös regeneroidaan helposti perustaan vahingoista, mikä mahdollistaa puun palautumisen tulipaloista, myrskyistä ja metsästyksestä.",,,,"Sequoia sempervirens on kotoisin Kalifornian rannikolta ja eteläisestä Oregonista, ja se on maapallon korkein puulaji. Korkein tunnettu yksilö, Hyperion, on yli 115 metriä korkea, mikä tekee rannikkoraput yhtenä maapallon poikkeuksellisimmista puista.",
sinapis alba,,white mustard,keltasinappi,H-O 	HYÃ–TYKASVI OSASTO,55426,H-O 	HYÃ–TYKASVI OSASTO,1,,,,"White mustard is an established crop in agriculture, grown in open fields for large-scale harvesting. It is valued for its fast growth and suitability for both seed and plant-based production.","The seeds of white mustard are edible and used to produce mustard condiments. They can be used whole, ground, or processed into paste, while young leaves are also eaten as a vegetable in salads and cooked dishes.",,,,,,,,,,,,,,,,y,,"Valkoinen rypäle on vakiintunut viljelykasvi maataloudessa, kasvatettuna avoimissa kentissä suurikaliuskeiselle keruulle. Se on arvostettu nopeasta kasvustaan sekä siemen- ja kasvikasvatussopivuudestaan.","Valkoisen rypäleen siemenet ovat syötäviä ja käytetään maustesienien valmistukseen. Ne voidaan käyttää kokoina, pahvattuina tai prosessoiduina pastaksi, samoin nuoret lehdet syödään salaatissa ja keittokäytössä.",,,,,,,,,,,,,,,,
Solanum lycopersicum,,Tomato,Tomaatti,Hyötykasvit (greenhouse),,,1,,,,"Solanum lycopersicum, commonly known as tomato, is a widely cultivated vegetable crop grown globally in fields, greenhouses, and gardens. It is one of the most important horticultural crops for fresh and processed food production.","Solanum lycopersicum produces edible fruits that are consumed fresh or processed into sauces, soups, ketchup, juice, and other foods. Tomatoes are valued for their versatility, flavour, and use in both raw and cooked dishes.",,,,,Solanum lycopersicum is a fruit-bearing plant that produces fleshy berries after flowering. Each plant develops multiple fruits that are harvested at different ripening stages depending on intended culinary or processing use.,"Solanum lycopersicum originated in western South America and was domesticated in Central America. It was introduced to Europe in the 16th century, where it was initially grown as an ornamental plant because many people believed it was poisonous. It later became one of the world's most important food crops.",,,,,,,yes,,,y,,"Solanum lycopersicum, yleisesti tunnettuan tomaatina, on laajasti viljelty kasvikasvi, kasvatettu maanpäällisesti, kasvihuoneissa ja puutarhoissa. Se on yksi tärkeimmistä kasvihuonekasveista raaka- ja prosessoiduksi ruoaksi.","Solanum lycopersicum tuottaa syötäviä hedelmiä, jotka syödään raakoina tai prosessoidaan siihen sopiviksi kastikkeiksi, keittojen joukkoon, ketsuppiin, juustoksiin ja muihin ruokiin. Tomatit arvostellaan monipuolisuudestaan, makuvirrostaan ja käytöstään sekä raakoina että keittokäytössä.",,,,,"Solanum lycopersicum on hedelmällinen kasvi, joka tuottaa pehmeitä marjoja kukinnan jälkeen. Jokaista kasvia kehittyy useita marjoja, jotka kerätään eri kypytymisasteista riippuen siitä, onko niitä tarkoitettu ruokailuun tai prosessointiin.","Solanum lycopersicum alkoi länsi-Suamerikassa ja se oli kotitettu Keski-Amerikassa. Se esiteltiin Eurooppaan 16. vuosisadalla, jossa se kasvatettiin aluksi koristekasvina, koska monet ihmiset uskoivat sen olevan myrkyllistä. Myöhemmin se tuli yhdeksi maailman tärkeimmistä ruokakasveista.",,,,,,,Kyllä,,,
Spathiphyllum hybr. 'Mauna Loa',,Peace lily,Viirivehka,G-HA 	TROOPPINEN HUONE,2464,G-HA 	TROOPPINEN HUONE,1,,,,,,,,,,,,"Spathiphyllum hybr. 'Mauna Loa', commonly known as the peace lily, is prized for its elegant white blooms and glossy green leaves. Its ability to thrive in low light and help improve indoor air quality has made it a popular houseplant.",,,,,,,,,y,,,,,,,,,,"Spathiphyllum hybr. 'Mauna Loa', yleisesti tunnettu rauhanliljaksi, arvostellaan kauniista valkoisista kukistaan ja kiiltävistä vihreistä lehdistään. Sen kyky elää alhaisessa valossa ja auttaa parantamaan sisätilojen ilmanlaatua on tehnyt siitä suosittua sisustuskasvia.",,,,,,,,,
Stanhopea hernandezii,,No common name,jaarlinkämmenkkä,G-HD 	TALVISAT. L. VÃ„LIMEREN ILMASTOALUE,4908,G-HD 	TALVISAT. L. VÃ„LIMEREN ILMASTOALUE,1,,x -160.51  y -4.55,,,,,,"Stanhopea hernandezii is a tropical orchid native to Mexico, known for its large, waxy flowers with intricate patterns and unusual shapes. The blooms emerge from the bottom of the plant and last only a few days.","Stanhopea hernandezii is renowned for its powerful vanilla- and spice-like fragrance. The flowers release their scent only while in bloom, attracting orchid bees from long distances despite their short flowering period.",,,,,,"Stanhopea hernandezii has a highly specialized relationship with orchid bees. Male bees collect fragrant compounds from the flowers to attract mates, and in the process they accidentally carry pollen to other flowers, ensuring the orchid's reproduction.",,,,,,y,,,,,,"Stanhopea hernandezii on trooppinen orkidea, joka on kotoisin Meksikosta, tunnettu suurista, pehmeistä kukistaan, joiden kuvioinnit ja muodot ovat erikoisia. Kukat nousevat kasvin alimmasta osasta ja kestävät vain muutaman päivän.","Stanhopea hernandezii tunnetaan voimakkaasta vaniljaa ja mausteita muistuttavasta tuoksuistaan. Kukat vapauttavat tuoksunsa vain kukinnan aikana, mikä houkuttelee orkideoiden hyönteisiä pitkiä matkoja kulkematta huolimatta lyhyestä kukinnan aikaa.",,,,,,"Stanhopea hernandezii on erikoistunut hyvin erikoiseen suhteeseen orkideoiden hyönteisillä. Miehet keräävät tuoksuvia yhdisteitä kukista houkutellakseen paria, ja prosessissa he vahingossa kuljettavat siitepölyä toisten kukkiin, mikä varmistaa orkideoiden lisääntymisen.",,,,,,
Strelitzia alba,,White bird of paradise,valkokolibrikukka,G-HZ 	MUU PAIKKA RAKENNUKSESSA,17777,G-HZ 	MUU PAIKKA RAKENNUKSESSA,1,,x -152.89  y 3.90,,,,,,"Strelitzia alba, native to the coastal forests of South Africa, produces large white flowers with dark bluish-purple bracts. Mature plants flower over a long period in warm climates and are pollinated by birds in their natural habitat.",,,,,,,,,,,Strelitzia alba has enormous banana-like leaves and can grow into a tree-like plant over 10 metres tall. Its bold foliage and distinctive bird-like flowers make it one of the most dramatic ornamental plants in cultivation.,"Strelitzia alba is the largest species of bird of paradise and the only one with entirely white flowers. Unlike the familiar orange-flowered species, it develops a tall trunk, giving it the appearance of a palm despite being only distantly related.",y,,,,,,Strelitzia alba on kasvaa Etelä-Afrikan rannikkometsissä ja tuottaa suuria valkoisia kukkia tumman sinivioletin lehtien kanssa.,,,,,,,,,,,"Strelitzia alba on suuri banaanin kaltaisia lehtiä kasvava kasvi, joka kasvaa yli 10 metriä korkeaksi. Sen voimakas lehtimateriaali ja erikoiset lintujen kaltaiset kukat tekevät siitä yksi merkittävimmistä koristekasveista viljelyssä.","Strelitzia alba on suurin lintujen paratiisin linnun laji ja ainoa kokonaan valkoinen kukkia tuottava. Se kehittää pitkän rungon, mikä antaa sille palmun näköisen ilmeen, vaikka se ei ole kaukana sukua palmulle.",
taxus cuspidata,,Japanese yew,japaninmarjakuusi,L-O 	LÃ„Ã„KEKASVI OSASTO,18608,L-O 	LÃ„Ã„KEKASVI OSASTO,1,,,,,,,,,,,,,"Taxus cuspidata contains compounds related to taxanes, a group of chemicals used in modern cancer treatments. Although the plant itself is poisonous, these compounds have played an important role in the development of life-saving chemotherapy drugs.",,,,"Taxus cuspidata is highly toxic, with nearly all parts of the plant containing taxine alkaloids that can be fatal if ingested. The only non-toxic part is the fleshy red covering of the seed, while the seed itself remains poisonous.",,,,y,,,,,,,,,,,"Taxus cuspidata sisältää yhteyksiä taxaneihin, kemikaaliryhmään, joka käytetään nykyisissä syöpälääkkeissä. Vaikka kasvi itse on myrkyllinen, nämä yhdisteet ovat olleet tärkeitä elinvoimaisen kemoterapian kehittämisessä.",,,,"Taxus cuspidata on hyvin myrkyllinen, ja lähes kaikki kasvin osat sisältävät taxiini-alkaloidit, jotka voivat olla hengenvaarallisia, jos niitä syödään. Ainoa myrkytön osa on siemenen pehmeä punainen pehmeäksi pehmeäksi pehmenee, kun taas siemen itse on edelleen myrkyllinen.",,,,
Theobroma cacao,Malvaceae,Cacao tree,Kaakaopuu,G-HA 	TROOPPINEN HUONE,2140,G-HA 	TROOPPINEN HUONE,1,,x -125.77 y 15.85,,"Theobroma cacao is a tropical crop cultivated for large-scale agricultural use, producing seeds that form the basis of the global chocolate industry. It is grown as a high-value plantation crop in equatorial regions with stable warm climates.","The edible seeds of Theobroma cacao develop inside fruit that ripens in about 5–6 months after flowering. The cacao beans are fermented, dried, and turned into cocoa products used in a wide range of foods, like chocolate.",,,,,,,,,,,,,,,,y,,"Theobroma cacao on trooppinen viljelykasvi, joka kasvaa suurten maatalouskäyttöjen tarkoituksessa tuottamassa siemeniä, jotka muodostavat maailmanlaajuisen suklaateollisuuden perustan. Se kasvaa korkean arvoisen plantaasinä ekvaattorin alueilla vakaudella lämpimällä ilmastolla.","Theobroma cacao -siemenet kehittyvät hedelmässä, joka kypsyy noin 5–6 kuukauden kuluttua kukinnasta. Kakaoöljyä käytetään laajasti erilaisissa ruokien valmistuksessa, kuten suklaassa.",,,,,,,,,,,,,,,,
Thymus vulgaris,,Thyme,tarha-ajuruoho (timjami),H-O 	HYÃ–TYKASVI OSASTO,53533,H-O 	HYÃ–TYKASVI OSASTO,1,,,"Thymus vulgaris is a strongly aromatic herb that releases a distinctive herbal scent when its leaves are crushed. Its essential oils are widely used in cooking, teas, and flavourings, contributing to its popularity worldwide.","Thymus vulgaris is a perennial herb cultivated as a crop for its small aromatic leaves. It is widely grown in gardens and agriculture and harvested for culinary and herbal use, especially in Mediterranean climates and cooking traditions.","Thymus vulgaris has edible leaves used fresh or dried to flavour a wide range of dishes. It is commonly added to meats, soups, stews, and vegetables, where its strong, earthy taste enhances traditional Mediterranean and global cuisine.",,,,,,"Thymus vulgaris has been used since ancient times in the Mediterranean region. It was valued by Egyptians, Greeks, and Romans for culinary, medicinal, and ritual purposes and remains an important herb in traditional and modern use.",,,,,,,,,,y,"Thymus vulgaris on voimakkaasti aromaattinen kasvi, joka vapauttaa erityisen herbaalisen tuoksun, kun sen lehdet murtuvat. Sen peräisin olevat oljepitoiset yhdisteet ovat laajasti käytössä ruoanlaitossa, teissä ja maustein, mikä on lisännyt sen suosiota maailmanlaajuisesti.","Thymus vulgaris on monivuotinen kasvi, joka kasvaa viljelykasvina siitä, että sen pienet aromaattiset lehdet ovat laajasti käytössä ruoanlaitossa ja maustein. Se kasvaa laajasti puutarhoissa ja maataloudessa ja kerätään ruoanlaittoon ja maustein, erityisesti Välimeren ilmaston ja ruokaperinteiden alueilla.","Thymus vulgaris on käytössä ruoanlaitossa, ja sen lehdet käytetään uunissa tai kuivattuna mausteen valmistuksessa. Se on yleensä lisättynä lihaan, keittoihin, paistoihin ja kasviksiin, missä sen voimakas, maanläheinen maku parantaa perinteistä Välimeren- ja maailmanlaajuista ruokakulttuuria.",,,,,,"Thymus vulgaris on ollut käytössä Välimeren alueella jo antiikin ajoista lähtien. Se arvostettiin Egyptissä, Kreikassa ja Roomassa ruoanlaitossa, lääkekasvina ja rituaalitarkoituksessa ja on edelleen tärkeä kasvi perinteisessä ja nykyisessä käytössä.",,,,,,,,,,
Triticum aestivum,,wheat,vehnä,Hyötykasvit,,,1,,,,"Triticum aestivum, commonly known as wheat, is one of the world’s most important cereal crops. It is widely cultivated across temperate regions and forms a staple base for bread, pasta, and many other staple foods globally.","Triticum aestivum produces edible grains that are harvested, milled, and processed into flour. This flour is used in bread, pasta, pastries, and countless baked goods, making wheat a key ingredient in global diets.",,,,,,"Triticum aestivum has been cultivated for thousands of years, originating in the Fertile Crescent, a region in the Middle East spanning modern-day Iraq, Syria, Lebanon, Israel, Palestine, Jordan, southeastern Turkey, and western Iran. This area is considered one of the earliest centres of agriculture, where wild grasses were first domesticated into early forms of wheat. From there, wheat spread into ancient civilizations such as Mesopotamia, Egypt, and Rome, becoming a foundational crop that shaped settled farming societies and global food systems.",,,,,,,Triticum aestivum is a seasonal crop typically grown in cool to moderate climates. It is planted in autumn or spring depending on the region and harvested once the grain heads fully mature and dry in the field.,,,y,,"Triticum aestivum, joka tunnetaan myös vehnänä, on yksi maailman tärkeimmistä kaurapelloista. Se kasvaa laajasti leudon vyöhykkeen alueilla ja muodostaa perustan leivän, pastan ja monien muitten perusruokien valmistuksessa maailmanlaajuisesti.","Triticum aestivum tuottaa syötäviä siemeniä, jotka kerätään, pilkotaan ja käsittelyssä muutetaan jauhoksi. Tämä jauho on käytössä leivissä, pastassa, pikkuleivissä ja monilla leivonnaisilla, joten vehnä on keskeinen ainesosa maailman ruokavaliossa.",,,,,,"Triticum aestivum on ollut viljelty tuhansia vuosia, alkuperänsä saanut Fertile Crescent -alueella, joka kattaa nykyisen Irakin, Syyrian, Libanonin, Israelin, Palestiinan, Jordanian, eteläisen Turkin ja länsi-Iranin alueet. Tässä alueella on pidetty yhtenä varhaisimmista maatalouskeskuksista, jossa villiheinät muutettiin ensimmäisiksi vehnän muotoiksi. Siitä vehnä levisi muinaisiin sivilisaatioihin kuten Mesopotamiaan, Egyptiin ja Roomaan, muodostaen perustavan viljelykseen ja maailman ruokaketjun.",,,,,,,"Triticum aestivum on kausivili, joka kasvaa yleensä viileissä tai matalapaineisissa ilmasto-olosuhteissa. Se kasvaa syksyllä tai keväällä riippuen alueesta ja korjataan, kun siemenpäät ovat täysin kypsyneet ja kuivuneet peltoon.",,,
Tsuga mertensiana,,Mountain hemlock,Vuorihemlokki,R-O 	ARBORETUM,34601,R-O 	ARBORETUM,1,,,,,,,,,,,,,,,,"Tsuga mertensiana, commonly known as the mountain hemlock, is an evergreen conifer native to the mountainous regions of western North America. It is adapted to cold, snowy environments and can survive at high elevations where few other trees thrive. Its graceful, drooping branches and bluish-green needles make it a distinctive ornamental tree, while its dense forests provide important habitat for wildlife and help protect fragile mountain ecosystems.",,,,,y,,,,,,,,,,,,,,"Tsuga mertensiana, jota kutsutaan myös vuoristohemlokiksi, on evergrini, joka on kotoisin länsi-Amerikan vuoristosta. Se on sopeutunut kylmään ja lumen peittämään ympäristöön ja voi selviytyä korkeilla korkeuksilla, joilla muut puut eivät pärjää. Sen kauniit, putoavat oksat ja sinertävänvihreät neulaset tekevät siitä erityisen koristeeksi, kun taas sen tiheitä metsiä tarjoaa tärkeitä elinalueita eläimille ja suojaa heikkoja vuoristoympäristöjä.",,,,,
Typha latifolia,,Bulrush,leveäosmankäämi,K-22-1 	VESI,8027,K-22-1 	VESI,1,,,,,,,,"Typha latifolia produces tall stems with a distinctive cylindrical flower spike. The upper male flowers release pollen, while the lower female part develops into the familiar brown “cattail” head.",,,,,,"Typha latifolia is native across the Northern Hemisphere, found in Europe, Asia, and North America. It grows naturally in wetlands such as marshes, lake edges, and slow-moving freshwater areas.",,"Typha latifolia is a highly adaptable wetland plant that spreads through rhizomes and tolerates changing water levels. It thrives in nutrient-rich shallow waters and often forms dense, stable stands.",,,,,y,,,,,,"Typha latifolia tuottaa korkeita varret, joissa on erityinen sylinterimäinen kukinnot. Ylemmät koiraalliset kukat vapauttavat siitepölyä, kun taas alimmat naaraskukat kehittyvät tunnetuksiin ruskeisiin ""kattailuun"" muotoihin.",,,,,,"Typha latifolia on kotoisin pohjoisnavan alueelta, ja sitä esiintyy Euroopassa, Aasiassa ja Pohjois-Amerikassa. Se kasvaa luonnostaan soisissa alueissa kuten soilla, järvenrannoilla ja hitaasti virtaavissa vesistöissä.",,"Typha latifolia on hyvin sopeutunut soiseen kasviin, joka leviää juurakoiden avulla ja kestää muuttuvia vedenpintoja. Se kukoistaa rikkaiden vedenpintojen alueilla ja usein muodostaa tiheitä, vakaita kasvustoja.",,,,,
Urtica dioica,,Common nettle,Nokkonen,H-13 	KUITUKASVIT,2229,H-13 	KUITUKASVIT,2,,,,,"Urtica dioica is an edible wild plant when properly prepared. Young leaves are cooked or dried to remove stinging hairs and are used in soups, teas, and traditional dishes for their earthy, spinach-like flavour.",,,,,,,,,Urtica dioica has long been used in traditional herbal medicine. It is valued for its nutrient-rich leaves and is commonly associated with support for general wellness and seasonal vitality in herbal preparations.,,"Urtica dioica is a highly resilient plant that thrives in nutrient-rich, disturbed soils. It spreads easily and regrows quickly after cutting, making it a common and persistent species in many natural and urban environments.","Urtica dioica has stinging hairs that inject irritating compounds into skin on contact, causing burning, itching, and rash-like reactions. While not deadly, it can cause strong discomfort and is hazardous to handle without protection.",,,,y,,,"Urtica dioica on syötävä villi kasvi, kun sen karvat poistetaan oikein. Nuoret lehdet keitetään tai kuivataan karvojen poistamiseksi ja käytetään keittoissa, teissä ja perinteisissä ruokalajeissa maustavana, mausteksi, joka muistuttaa spinakkia.",,,,,,,,,Urtica dioica on ollut pitkään käytössä perinteisessä kasvitieteellisessä lääketieteessä. Se arvostetaan rikkaiden lehtiensä vuoksi ja on yleensä yhdistetty yleiseen hyvinvointiin ja kausivaiheisiin elinvoimaisuuteen kasvitieteellisissä valmisteissa.,,"Urtica dioica on hyvin kestävä kasvi, joka kukoistaa rikkaiden, häiriintyneiden maaperien alueilla. Se leviää helposti ja kasvaa nopeasti leikkaamisen jälkeen, joten se on yleinen ja pysyvä laji monissa luonnontilaisissa ja kaupunkimaisissa ympäristöissä.","Urtica dioica sisältää karvoja, jotka pistävät irrotettaviksi ärsyttäviä aineita ihoon kosketuksessa, aiheuttaen palautumista, kutinaa ja ihottumaa. Vaikka se ei ole vaarallista, se voi aiheutta",,,,
Vaccinium uliginosum,,bog bilberry,juolukka,H-12 	VÃ„RIAINEKASVIT,6012,H-12 	VÃ„RIAINEKASVIT,1,,,,,"Vaccinium uliginosum produces edible blue berries that ripen in late summer. They have a mild, slightly sweet flavour and are eaten fresh or used in jams, desserts, and baked goods. The berries are often mistaken for blueberries because of their similar appearance, although they are typically larger and have pale green flesh inside.                 ",,,,,,,,,"Vaccinium uliginosum is native to Finland and grows naturally in bogs, fens, heaths, and other acidic habitats throughout the country. It is well adapted to cool climates and nutrient-poor soils.",,,,,,,y,,,"Vaccinium uliginosum tuottaa syötäviä sinisiä marjoja, jotka kypsyvät myöhäisessä kesässä. Ne ovat miedon, hieman makean makuista ja syödään raakana tai käytetään marmeladeissa, makeisissa ja leivonnaisissa. Marjoja yleensä sekoitetaan sinipihlajanmarjoihin saman näkönsä vuoksi, vaikka ne ovat yleensä suurempia ja sisältävät vaaleanvihreää lihaskuorta.",,,,,,,,,"Vaccinium uliginosum on kotoisin Suomesta ja kasvaa luonnostaan suokasvillisuuden, mänty- ja lehtokasvillisuuden lisäksi myös muiden happamien kasvupaikkojen kautta koko maassa. Se on hyvin sopeutunut kylmille ilmastoille ja vähäravinteisille maaperille.",,,,,,,
Vanilla planifolia,Orchidaceae,Vanilla orchid,Vanilja,G-HA 	TROOPPINEN HUONE,2298,G-HA 	TROOPPINEN HUONE,1,,x -129.99  y 19.45,,"Vanilla planifolia is the main source of natural vanilla, produced from cured seed pods. It is widely used to flavor desserts, ice cream, chocolate, and beverages. Its complex aroma comes from compounds developed during fermentation and curing, making it one of the most prized spices worldwide.",,,,,,,"Vanilla planifolia is a tropical orchid native to Mexico and Central America, where it was first cultivated by the Totonac people and later highly valued by the Aztecs, who used it to flavor cacao drinks. After the Spanish conquest, vanilla spread to Europe but remained difficult to produce outside its native range until hand-pollination was developed in the 19th century, enabling global cultivation and making it one of the world’s most valuable spices.",,,,,,,,,,y,,"Vanilla planifolia on luonnollisen vanillan päälähteys, joka tuotetaan kypsennetyistä siitepölypussikoista. Se on laajasti käytetty makeuttimena erilaisiin makeisiin, jääpalojen, suklaan ja juomoihin. Sen monimutkainen tuoksu kehittyy fermentoinnin ja kypsennyksen aikana, mikä tekee siitä yhden maailman arvostetuimmista mausteista.",,,,,,,"Vanilla planifolia on trooppinen orkidea, joka on kotoisin Meksikosta ja Keski-Amerikasta, missä se oli ensin kasvatettu Totonakien kanssa ja myöhemmin arvostettiin Azteekkien keskuudessa, jotka käyttivät sitä kookoasien juomoihin. Espanjalaisen valloituksen jälkeen vanillaa levisi Eurooppaan, mutta se pysyi vaikeana tuottaa ulkomailta, kunnes käsiintuomisella keksittiin 19. vuosisadalla mahdollisuus maailmanlaajuiseen kasvatusmääräykseen, mikä teki siitä yhden maailman arvostetuimmista mausteista.",,,,,,,,,,
Vicia faba,,Broad bean,härkäpapu,Hyötykasvit,,,1,,,,"Vicia faba, commonly known as broad bean or fava bean, is an ancient crop cultivated in the Mediterranean and Southwest Asia. It is grown for its large pods containing nutrient-rich seeds used in food and agriculture worldwide.","Vicia faba produces large, protein-rich edible seeds contained in pods. The beans are eaten fresh or dried and used in soups, stews, and traditional dishes across many cultures for their rich texture and nutritional value.",,,,,,Vicia faba has been cultivated for thousands of years across the Mediterranean and Southwest Asia. It was one of the earliest domesticated food crops and remains important in traditional diets and agricultural systems today.,,,,,"Vicia faba is a hardy cool-season crop that tolerates frost and challenging growing conditions. It also improves soil quality through natural root interactions that enrich nutrients, supporting sustainable agricultural systems.",,yes,,,y,,"Vicia faba, jota kutsutaan myös laajapalkoksi tai pavutkiksi, on vanha viljelykasvi, joka on kasvatettu Välimeren alueella ja Länsi-Aasiassa. Se kasvatetaan suurista palkoista, jotka sisältävät ravitsevia siemeniä, jotka ovat käytössä ruoan ja maatalouden maailmanlaajuisesti.","Vicia faba tuottaa suuria, proteiinirikkaan syötävän siemeniä, jotka sisältyvät palkoihin. Pavut syödään kylmänä tai kuivattuna ja käytetään erilaisiin keitoihin, kuten keittoihin, paistoihin ja perinteisiin ruokiin monissa kulttuureissa niiden rikkaasta tekstuurista ja ravitsemusarvosta.",,,,,,Vicia faba on ollut viljeltyä tuhannet vuodet Välimeren alueella ja Länsi-Aasiassa. Se oli yksi varhaisimmista viljeltyistä ruokakasveista ja se on edelleen tärkeä perinteisissä ruokavalioissa ja maatalousjärjestelmissä.,,,,,"Vicia faba on kestävä kylmänkauden viljelykasvi, joka kestää lumisateita ja haastavia kasvatusolosuhteita. Se parantaa myös maaperän laadua luonnollisilla juurinkohtausten avulla, mikä rikastaa ravintoaineita ja tukee kestävää maataloutta.",,Kyllä,,,
Vitis amurensis,,Amur grape,amurinviiniköynnös ,H-O 	HYÃ–TYKASVI OSASTO,31914,H-O 	HYÃ–TYKASVI OSASTO,1,,,,"Vitis amurensis is a hardy grape species native to East Asia, cultivated in cooler regions for its small fruit and exceptional cold tolerance. It is used in breeding programs to improve winter hardiness in cultivated grape varieties.","Vitis amurensis produces small edible grapes that are usually sweet-tart. They can be eaten fresh or processed into juice, jelly, wine, and preserves, though they are often more valued for processing than fresh consumption.",,,,,Vitis amurensis is a fruit-bearing climbing vine that produces grape clusters after flowering. The berries develop on woody vines during the growing season and ripen in late summer to early autumn.,"Vitis amurensis has been used in East Asia for centuries, particularly in regions of Russia, China, and Korea where wild and semi-cultivated forms were harvested for food and local wine production. In modern horticulture, it became important in the 20th century for breeding cold-resistant grape hybrids, helping expand grape cultivation into regions previously too cold for traditional European grape species.",,,,,"Vitis amurensis is one of the most cold-hardy grape species, capable of surviving extremely low winter temperatures. This makes it especially valuable for cultivation and breeding in northern climates with harsh winters.",,,,,y,,"Vitis amurensis on kestävä viiniköynnös, joka on kotoisin Itä-Aasiasta ja kasvatetaan kylmässä ilmastossa pieniksi hedelmiksi. Se on käytössä jalostusohjelmissa, joissa pyritään parantamaan talvimyötävyyttä jalostettuihin viiniköynnöksiin.","Vitis amurensis tuottaa pieniä syötäviä hedelmiä, jotka ovat yleensä makeita ja happamia. Ne syödään kylmänä tai käsitellään juustoksi, mehuksi, viiniksi ja säilötyiksi, vaikka ne ovat usein arvostetumpia käsiteltynä kuin kylmänä.",,,,,"Vitis amurensis on hedelmätuottava kiipijävihanne, joka tuottaa hedelmäpalkoja kukinnan jälkeen. Hedelmät kehittyvät puumaisilla vihanteilla kasvukaudella ja kypsyvät myöhään syksyllä tai alkukesällä.","Vitis amurensis on ollut käytössä Itä-Aasiassa vuosisatoja, erityisesti Venäjän, Kiinan ja Korean alueilla, missä villi- ja puoliviljelymuotoja on kerätty ruoaksi ja paikalliseen viinintuotantoon. Nykyisessä hortikulttuur",,,,,"Vitis amurensis on yksi kylmäkestoisimmista viiniköynnöslajikkeista, joka pystyy selviytymään erittäin alhaisilla talvella.",,,,,
Vitis vinifera,,Common grape vine,Tarhaviiniköynnös,G-HD 	TALVISAT. L. VÃ„LIMEREN ILMASTOALUE,2799,G-HD 	TALVISAT. L. VÃ„LIMEREN ILMASTOALUE,1,,x -151.54  y 2.41,,,,,,,,"Vitis vinifera, the common grapevine, is a woody climbing plant native to the Mediterranean and parts of Asia. It is one of the oldest cultivated plants in human history, grown for thousands of years for its fruit, grapes, which are eaten fresh, dried, or fermented into wine. It is a major global fruit crop used for juice and vinegar and wine production.",,,,,,,,yes,,,y,,,,,,,,"Vitis vinifera on yleinen viiniköynnös, joka on puumainen kiipeävä kasvi, joka on kotoisin Välimereltä ja osista Aasiasta. Se on yksi vanhimmista viljeltyistä kasveista ihmiskunnan historiassa, jota on kasvatettu tuhansia vuosia hedelmistään, viineistään, joita syödään raakana, kuivattuna tai fermentoiduna viiniksi. Se on merkittävä maailmanlaajuinen hedelmäviljelykasvi, jota käytetään siirapin ja viinin valmistukseen.",,,,,,,,Kyllä,,,
Wasabi japonica,,wasabi,maustekrassi,Hyötykasvit,,,1,,,,"Wasabi is cultivated as a high-value crop for its thick rhizomes, which require cool temperatures, constant moisture, and carefully controlled growing conditions to develop successfully.","The rhizome, leaves, stems, and leaf stalks of wasabi are all edible. Freshly grated rhizome is especially prized for its sharp, complex flavor, while the foliage is commonly used in salads, pickles, and cooked dishes.",,,,,,,,,,,,,,,,y,,"Wasabia kasvatetaan korkean arvon saavuttamiseksi sen paksuista juurakkoista, jotka vaativat kylmiä lämpötiloja, jatkuvaa kosteutta ja tarkasti hallittuja kasvatusolosuhteita kehittyäkseen onnistuneesti.","Wasabin juurakko, lehdet, varret ja lehtivarsi ovat kaikki syötäviä. Uutta, raastettua juurakkoa arvostetaan erityisesti sen paksun, monimutkaisen makuun, kun taas lehtiä käytetään yleisesti salaatissa, pihveissä ja kypsennetyissä ruoissa.",,,,,,,,,,,,,,,,
Wollemia nobilis,,wollemy pine,Australianwollemia,Smaller room in Romeo,,,1,,x -128.63  y 10.96,,,,"Wollemia nobilis is critically endangered in the wild, with only a very small number of natural populations remaining in isolated Australian gorges. It is highly vulnerable to disease, habitat disturbance, and environmental change. Intensive conservation programs, including controlled propagation and cultivation in botanical gardens worldwide, aim to protect the species from extinction.",,,,,"Wollemia nobilis, commonly known as the Wollemi pine, is a “living fossil” conifer with a lineage dating back over 90 million years. It was known only from fossils until its dramatic rediscovery in 1994 in a remote Australian gorge, making it one of the most important botanical finds of modern times. Its discovery reshaped understanding of plant survival through geological eras and ancient climates.",,,,,,,,,,y,,,,"Wollemia nobilis on kriittisesti uhanalainen villissä, ja vain hyvin pieni määrä luonnollisia populaatioita on jäljellä eristyksissä australialaisissa rotkossa. Se on erittäin herkkä sairauksille, elinolosuhteiden häiriöille ja ympäristön muutoksille. Intensiiviset suojelutoimet, mukaan lukien hallitut lisääntymis- ja viljelyohjelmat maailmanlaajuisissa kasvitieteellisissä puutarhoissa, pyrkivät suojelemaan lajia sukupuuttoon kuolemasta.",,,,,"Wollemia nobilis, jota kutsutaan yleisesti Wollemin mäntyksi, on ""elävä fossiili"" mänty, jonka polveutuminen ulottuu yli 90 miljoonaa vuotta taakse. Se oli tuntematon fossiilien kautta, kunnes sen dramatisen löytö tapahtui vuonna 1994 etäisessä australialaisessa rotkossa, joten se on yksi nykypäivän merkittävimmistä kasvitieteellisistä löydöistä. Sen löytö uudisti ymmärrystä kasvien selviytymisestä geologisissa aikakausissa ja vanhoissa ilmastoissa.",,,,,,,,,,
Zamioculcas zamiifolia,,ZZ plant,palmuvehka,G-HA 	TROOPPINEN HUONE,16693,G-HA 	TROOPPINEN HUONE,1,,X: -139.61 Y: 21.54,,,,,,,,,,"The Zamioculas zamiifolia or more commonly known as the zz plant, originates from eastern Africa. The plant is a common house plant known for its indestructible nature, due to its strong tolerance to low light conditions and missed waterings. ",,,,,,,,,y,,,,,,,,,,"Zamioculadon zamiifolion eli yleisemmin zn- kasvin alkuperä on itä-Afrikassa. Kasvi on yleinen huonekasvi, jota arvostetaan sen kestävyydestä alhaisissa valo-olosuhteissa ja unohtuneissa vesipuuteissa.",,,,,,,,,
Zea mays,,Corn,Maissi,K-24-7 	TIE- JA RATAVIERIKASVEJA,44523,K-24-7 	TIE- JA RATAVIERIKASVEJA,1,,,,"Zea mays, commonly known as corn or maize, is one of the world’s most important cereal crops. It is widely cultivated across diverse climates and forms a major part of global agriculture for food, feed, and industrial uses.","Zea mays produces edible kernels arranged on large ears. These kernels are consumed fresh, dried, or processed into foods such as flour, cornmeal, popcorn, and syrups, making it a highly versatile global food ingredient.",,,,,,"Zea mays was first domesticated from a wild grass in present-day Mexico over 9,000 years ago. It became a staple crop of ancient civilizations such as the Maya and Aztecs before spreading around the world after the 15th century. Today, it is one of the most widely cultivated crops on Earth.",,,,,"Zea mays is a highly adaptable crop that can be grown in a wide range of climates and soil types. Through centuries of selective breeding, varieties have been developed for environments ranging from tropical lowlands to cooler temperate regions, making maize one of the world's most successful agricultural crops.",,yes,,,y,,"Zea mays, jota kutsutaan yleisesti korjaksi tai maissiksi, on yksi maailman tärkeimmistä kaurakasveista. Se kasvaa laajasti monenlaisissa ilmastoissa ja muodostaa merkittävän osan maailmanviljelystä ruoan, rehun ja teollisuuskäyttöön.","Zea mays tuottaa syötäviä siemeniä, jotka ovat suuria korjia. Näitä siemeniä syödään raakana, kuivattuna tai kypsennettynä ruoaksi, kuten jauheeksi, kaurahiutaleeksi, popkorniksi ja siirapiksi, joten se on hyvin monipuolinen maailmanlaajuinen ruoanaine.",,,,,,"Zea mays oli ensimmäinen villiheinä, josta se oli kotoisin nykyisestä Meksikosta, noin 9 000 vuotta sitten. Se tuli vanhojen sivilisaatioiden perustaksi, kuten Maya- ja Azteekien, ennen kuin se levisi maailmalle 15. vuosisadan jälkeen. Nykyään se on yksi maailman viljellyin kasveista.",,,,,"Zea mays on hyvin sopeutuva kasvi, joka kasvaa laajasti monenlaisissa ilmastoissa ja maaperätyypeissä. Vuosisatojen ajan valinnallisen jalostuksen kautta on kehitetty lajikkeita, jotka sopivat ympäristöihin, jotka vaihtelevat trooppisista alankoalueista viileämpiin ilmastoalueisiin, joten maissi",,Kyllä,,,
Philadelphus schrenkii,,Schrenk's mock-orange,siperianjasmike,R-O 	ARBORETUM,,,2,hilly route,,,,,,,"As flowering begins, Philadelphus schrenkii develops numerous clusters of white blossoms that brighten the entire shrub. The profusion of flowers creates a soft, elegant display that remains attractive for several weeks.","As the flowers open, Philadelphus schrenkii fills the surrounding air with a rich, sweet fragrance carrying fresh citrus and delicate jasmine-like notes. The scent is powerful enough to be appreciated from several metres away.",,,,,,,,,,,,y,,,,,,"Kukinnan alkaessa, Philadelphus schrenkii kehittää runsaasti valkoisia kukkia sisältäviä ryhmiä, jotka kirkastavat koko pensaan. Kukkien runsaus luo pehmeän ja kaunis näköalaa, joka säilyy houkuttelevana useita viikkoja.","Kukkien avautuessa Philadelphus schrenkii täyttää ympäröivän ilman ilmanvaihtoon rikkaan, makean tuoksun, jossa on uutta sitruunaa ja hienostunutta jasmine-mallista. Tuoksu on voimakas, joka voidaan arvostaa useiden metrien päästä.",,,,,,,,,,,,
Disocactus phyllanthoides,,German empress,Neidonhovikaktus,Kesäsateiden alue,,,1,,x -124.19  y 5.54,,,,,,"Disocactus phyllanthoides produces large, funnel-shaped pink flowers in spring. The blooms open along the flattened stems and can last several days, creating a colourful display.",,,,"Disocactus phyllanthoides, native to the tropical forests of Mexico, is commonly grown as a houseplant for its flattened, trailing stems. It thrives in bright, indirect light and prefers well-drained soil with regular watering during the growing season.",,,,,,,"Disocactus phyllanthoides combines long, arching stems with large, vibrant flowers, making it one of the most ornamental epiphytic cacti. Its cascading growth habit makes it especially attractive in hanging baskets and elevated planters.",,y,,,,,,"Disocactus phyllanthoides tuottaa suuria, kananmuotoisia pinkkiä kukkia keväällä. Kukat aukeavat tasaisilla, paksuilla varresta ja voivat kestää useita päiviä, luodakseen värikästä näyttävän kuvan.",,,,"Disocactus phyllanthoides on kotoisin Meksikon trooppisista metsistä ja kasvaa yleisesti huonekasvinaan sen paksuista, kuroista varresta. Se kestää hyvin kirkkaasta, epäsuorasta valosta ja suosii hyvin puhdistettua maata sekä säännöllistä vesityötä kasvukaudella.",,,,,,,"Disocactus phyllanthoides yhdistelee pitkiä, kaartuvia varrensa suurten, värikästien kukkien kanssa, tehdäkseen siitä yhden kauneimmista epifyyttisistä kaktuksista. Sen laskeutuva kasvutapa tekee siitä erityisen houkuttelevan oleskeluastioissa ja korkeissa kasvualustoissa.",,
Camellia japonica,,Japanese camellia,kamelia,G-HB 	KESÃ„SATEIDEN ALUE,,,1,,x -126.65  y 7.31,,,,,,"Camellia japonica, native to China, Japan, and Korea, blooms from late winter to early spring. Its large flowers range from white and pink to deep red, providing colour when few other shrubs are in bloom.",,,,"Camellia japonica is often grown as a container plant or cool-climate houseplant where winters are too harsh for outdoor cultivation. It prefers bright, indirect light, acidic soil, and consistently moist conditions to flower well.",,,,,,,"Camellia japonica is admired for its glossy evergreen leaves and elegant, rose-like flowers. Hundreds of cultivars have been developed, offering a wide variety of flower colours, shapes, and sizes.",,y,,,,,,"Camellia japonica on kotoisin Kiinasta, Japanista ja Koreasta ja kukkii myöhäisestä talvesta varhaiselle kevääksi. Sen suuret kukat vaihtelevat valkoisista ja pinkistä syvän punaiseen, tarjoamalla väriä, kun muut pensaat eivät ole kukkineet.",,,,"Camellia japonica kasvaa usein konteinassa tai kylmäklimaattisessa huonekasvina, missä talvet ovat liian kovia ulkosadolle. Se suosii kirkasta, epäsuoraa valoa, happamaa maata ja jatkuvasti kosteita olosuhteita kukkimaan hyvin.",,,,,,,"Camellia japonica arvostellaan korkeasta, kiiltävistä evergreen-lehdistä ja elegantista, roosimaisesta kukasta. Sataa kulttaria on kehittynyt, tarjoamalla laajan valikoiman kukkien väriä, muotoja ja kokoja.",,
Saccharum officinarum,,Sugarcane,Sokeriruoko,G-HA 	TROOPPINEN HUONE,,,1,,,,"Saccharum officinarum, native to New Guinea, is one of the world's most important crop plants. It is cultivated in tropical and subtropical regions for its tall, sugar-rich stems, which are processed into sugar, molasses, and ethanol.","Saccharum officinarum has sweet, fibrous stems that can be chewed to extract their sugary juice. The juice is also used to produce sugar, syrups, beverages, and a wide range of food products.",,,,,,"Saccharum officinarum has been cultivated for thousands of years, first in New Guinea before spreading throughout Asia and later to the Americas. Sugarcane transformed global trade during the colonial era, driving the growth of plantations and the sugar industry, while also playing a major role in the history of the transatlantic slave trade.",,,,,,,,,,y,,"Saccharum officinarum on kotoisin Uuden-Guineasta ja on yksi maailman tärkeimmistä viljelykasveista. Se kasvaa trooppisissa ja subtrooppisissa alueissa pitkistä, sokeririkkaista varresta, jotka jalostetaan sokeriksi, mallasiksi ja etanoliksi.","Saccharum officinarum on makea, karkea varsi, joka voidaan puristaa niin, että saadaan sokerimainen nestemäinen aines. Nestemäistä ainesosaa voidaan käyttää myös sokerin, siirappien, juomavärien ja laajan ruokatuotteiden valmistukseen.",,,,,,"Saccharum officinarum on viljelty tuhansia vuosia, ensin Uuden-Guineassa ennen kuin se levisi Aasiaan ja myöhemmin Amerikkaan. Sokeriruokosivut muuttivat globaalia kauppaa, ajamalla kasvatusalueiden ja sokeriteollisuuden kasvua, samalla kun se pelasti merkittävän roolin transatlanttisen orjakaupan historiassa.",,,,,,,,,,
Zingiber officinale,,ginger,mausteinkivääri,G-HA 	TROOPPINEN HUONE,,,1,,,"Zingiber officinale has a warm, spicy aroma produced by natural oils in its rhizomes. Its distinctive flavour makes it a popular ingredient in cooking, baking, beverages, and confectionery around the world.","Zingiber officinale, native to Southeast Asia, is widely cultivated for its underground rhizomes. It is one of the world's most important spice crops and is grown throughout tropical and subtropical regions.",,,,,,,,,"Zingiber officinale has been used in traditional medicine for thousands of years. Its rhizomes are commonly used to help relieve nausea, aid digestion, and reduce inflammation, and they continue to be widely used in herbal remedies today.",,,,,,,,y,"Zingiber officinale tuottaa lämpimän, pippurisen tuoksun luonnollisista öljyistä varressaan. Sen erityinen maku tekee siitä suosittua ainesosan ruoanlaitossa, leivonnassa, juomissa ja makeisissa ympäri maailmaa.",Zingiber officinale on kotoisin Kaakkois-Aasiasta ja kasvaa laajasti trooppisissa ja subtrooppisissa alueissa. Se on yksi maailman tärkeimmistä mausteiden viljelykasveista.,,,,,,,,,"Zingiber officinale on ollut käytössä perinteisessä lääketieteessä tuhansia vuosia. Sen varret ovat yleisesti käytettyjä helpottamaan hengitystä, parantamaan ruoansulatusta ja vähentämään tulehdusta, ja ne ovat edelleen laajasti käytettyjä perinteisissä lääkevalmisteissa.",,,,,,,,
Persea americana,,Avocado,avokado,G-HB 	KESÃ„SATEIDEN ALUE,,,1,,x -158.20  y -4.07,,"Persea americana, native to southern Mexico and Central America, produces large pear-shaped fruits with a creamy green flesh surrounding a single large seed. The fruits mature on the tree but soften only after harvest.","Persea americana is valued for its rich, buttery flesh, which is eaten fresh or used in salads, sandwiches, sushi, dips such as guacamole, and many other dishes. Unlike most fruits, avocados are high in healthy fats rather than sugars.",,,,,,"Persea americana has been cultivated for over 5,000 years and was an important food crop for ancient civilizations such as the Maya and Aztecs. Following the Spanish conquest of the Americas, avocados spread around the world and are now grown in tropical and Mediterranean climates on every inhabited continent.",,,,,,,,,,y,,"Persea americana on kotoisin etelä-Meksikosta ja Keski-Amerikasta, ja se tuottaa suuria, päärynänmuotoisia hedelmiä, joiden sisällä on kermavaahtoinen vihreä lihakset ympäröivät yhtä suurta suurta siementä. Hedelmät kypsyvät puussa, mutta pehmenevät vain kylvössä.","Persea americana on arvostettu sen rikkaasta, maitiaismaisesta lihasta, jota syödään raakana tai käytetään salaatissa, leivässä, sushissa, guacamolessa ja monissa muissa ruoissa. Avokadoita on poikkeuksellisesti korkeampi terveydellisiä rasvoja kuin sokeria.",,,,,,"Persea americanaa on kasvatettu yli 5 000 vuotta, ja se oli tärkeä ruokakasvi muinaisilla kulttuureilla kuten mayailla ja astekeilla. Espanjan valloituksen jälkeen Amerikkaa, avokadoja levisi maailmalle ja ne kasvatetaan nykyään trooppisissa ja Välimeren ilmastoissa kaikilla asuttuilla mantereilla.",,,,,,,,,,
,,,,#N/A,,,0,,,,,,,,,,,,,,,,,,,,,y,,,,,,,,,,,,,,,,,,,
,,,,#N/A,,,0,,,,,,,,,,,,,,,,,,,,,y,,,,,,,,,,,,,,,,,,,
,,,,#N/A,,,0,,,,,,,,,,,,,,,,,,,,,y,,,,,,,,,,,,,,,,,,,
,,,,#N/A,,,0,,,,,,,,,,,,,,,,,,,,,y,,,,,,,,,,,,,,,,,,,
,,,,#N/A,,,0,,,,,,,,,,,,,,,,,,,,,y,,,,,,,,,,,,,,,,,,,
,,,,#N/A,,,0,,,,,,,,,,,,,,,,,,,,,y,,,,,,,,,,,,,,,,,,,
,,,,#N/A,,,0,,,,,,,,,,,,,,,,,,,,,y,,,,,,,,,,,,,,,,,,,
,,,,#N/A,,,0,,,,,,,,,,,,,,,,,,,,,y,,,,,,,,,,,,,,,,,,,
,,,,#N/A,,,0,,,,,,,,,,,,,,,,,,,,,y,,,,,,,,,,,,,,,,,,,
,,,,#N/A,,,0,,,,,,,,,,,,,,,,,,,,,y,,,,,,,,,,,,,,,,,,,
,,,,#N/A,,,0,,,,,,,,,,,,,,,,,,,,,y,,,,,,,,,,,,,,,,,,,
,,,,#N/A,,,0,,,,,,,,,,,,,,,,,,,,,y,,,,,,,,,,,,,,,,,,,
